{"precision": 0.08686350021394951, "recall": 0.4153645833333333, "f1": 0.14367982498471835, "accuracy": 0.03628731974815517, "name": "affectivetext_vs_tales-emotion_multi", "anger_precision": 0.1, "anger_recall": 0.012295081967213115, "anger_accuracy": 0.9455690203777672, "anger_f1": 0.021897810218978103, "anger_tp": 9, "anger_tn": 13958, "anger_fp": 81, "anger_fn": 723, "joy_precision": 0.12635672937771347, "joy_recall": 0.7646414887794198, "joy_accuracy": 0.3169724460090718, "joy_f1": 0.21687495148645505, "joy_tp": 1397, "joy_tn": 3285, "joy_fp": 9659, "joy_fn": 430, "surprise_precision": 0.05286593264248705, "surprise_recall": 0.8101736972704715, "surprise_accuracy": 0.19761695213594205, "surprise_f1": 0.09925520595835233, "surprise_tp": 653, "surprise_tn": 2266, "surprise_fp": 11699, "surprise_fn": 153, "disgust_precision": 0.041666666666666664, "disgust_recall": 0.0026455026455026454, "disgust_accuracy": 0.972919910635705, "disgust_f1": 0.004975124378109453, "disgust_tp": 1, "disgust_tn": 14370, "disgust_fp": 23, "disgust_fn": 377, "sadness_precision": 0.08214947498455837, "sadness_recall": 0.1444082519001086, "sadness_accuracy": 0.8460496919639835, "sadness_f1": 0.10472440944881889, "sadness_tp": 133, "sadness_tn": 12364, "sadness_fp": 1486, "sadness_fn": 788, "fear_precision": 0.0706713780918728, "fear_recall": 0.056179775280898875, "fear_accuracy": 0.9188951323539367, "fear_f1": 0.06259780907668232, "fear_tp": 40, "fear_tn": 13533, "fear_fp": 526, "fear_fn": 672}
