{"precision": 0.16235906331309627, "recall": 0.17089647617308745, "f1": 0.16651841309375556, "accuracy": 0.20414818679885208, "name": "affectivetext_vs_isear_multi", "anger_precision": 0.16363636363636364, "anger_recall": 0.016423357664233577, "anger_accuracy": 0.8473780328724236, "anger_f1": 0.029850746268656716, "anger_tp": 18, "anger_tn": 6478, "anger_fp": 92, "anger_fn": 1078, "joy_precision": 0.1620997980963369, "joy_recall": 0.5137111517367459, "joy_accuracy": 0.5516566657970259, "joy_f1": 0.24643718482788865, "joy_tp": 562, "joy_tn": 3667, "joy_fp": 2905, "joy_fn": 532, "disgust_precision": 0.16666666666666666, "disgust_recall": 0.011861313868613138, "disgust_accuracy": 0.8502478476389251, "disgust_f1": 0.022146507666098807, "disgust_tp": 13, "disgust_tn": 6505, "disgust_fp": 65, "disgust_fn": 1083, "sadness_precision": 0.16231474947071278, "sadness_recall": 0.20985401459854014, "sadness_accuracy": 0.7321941038351161, "sadness_f1": 0.1830481496219658, "sadness_tp": 230, "sadness_tn": 5383, "sadness_fp": 1187, "sadness_fn": 866, "fear_precision": 0.16305916305916307, "fear_recall": 0.10319634703196347, "fear_accuracy": 0.7962431515783981, "fear_f1": 0.12639821029082776, "fear_tp": 113, "fear_tn": 5991, "fear_fp": 580, "fear_fn": 982}
