{"precision": 0.2605894669028829, "recall": 0.2278231484088989, "f1": 0.24310720456765084, "accuracy": 0.1829062235989862, "name": "affectivetext_vs_emoint_multi", "joy_precision": 0.253327608415629, "joy_recall": 0.7301980198019802, "joy_accuracy": 0.44888763728527176, "joy_f1": 0.3761555626394644, "joy_tp": 1180, "joy_tn": 2008, "joy_fp": 3478, "joy_fn": 436, "sadness_precision": 0.20861244019138755, "sadness_recall": 0.14220482713633398, "sadness_accuracy": 0.698394818361025, "sadness_f1": 0.1691233514352211, "sadness_tp": 218, "sadness_tn": 4742, "sadness_fp": 827, "sadness_fn": 1315, "anger_precision": 0.3373493975903614, "anger_recall": 0.01646090534979424, "anger_accuracy": 0.7566882568290623, "anger_f1": 0.03139013452914799, "anger_tp": 28, "anger_tn": 5346, "anger_fp": 55, "anger_fn": 1673, "fear_precision": 0.45390070921985815, "fear_recall": 0.0852575488454707, "fear_accuracy": 0.6774148127288088, "fear_f1": 0.1435514018691589, "fear_tp": 192, "fear_tn": 4619, "fear_fp": 231, "fear_fn": 2060}
