{"precision": 0.05832143021702069, "recall": 0.5817199977020738, "f1": 0.10601420711821641, "accuracy": 0.01877081735111042, "name": "affectivetext_vs_dailydialog_multi", "anger_precision": 0.019696969696969695, "anger_recall": 0.012720156555772993, "anger_accuracy": 0.9839190514570932, "anger_f1": 0.015457788347205705, "anger_tp": 13, "anger_tn": 101310, "anger_fp": 647, "anger_fn": 1009, "joy_precision": 0.13277947821017344, "joy_recall": 0.6363213038416764, "joy_accuracy": 0.43448664290777733, "joy_f1": 0.21971219551410884, "joy_tp": 8199, "joy_tn": 36544, "joy_fp": 53550, "joy_fn": 4686, "surprise_precision": 0.017851005761649653, "surprise_recall": 0.9687328579264948, "surprise_accuracy": 0.05591431262684625, "surprise_f1": 0.03505602810834417, "surprise_tp": 1766, "surprise_tn": 3992, "surprise_fp": 97164, "surprise_fn": 57, "disgust_precision": 0.0, "disgust_recall": 0.0, "disgust_accuracy": 0.9940764621913205, "disgust_f1": NaN, "disgust_tp": 0, "disgust_tn": 102369, "disgust_fp": 257, "disgust_fn": 353, "sadness_precision": 0.014575411913814956, "sadness_recall": 0.12, "sadness_accuracy": 0.8995717573485856, "sadness_f1": 0.025993595780749675, "sadness_tp": 138, "sadness_tn": 92499, "sadness_fp": 9330, "sadness_fn": 1012, "fear_precision": 0.00390625, "fear_recall": 0.05747126436781609, "fear_accuracy": 0.9736451121102361, "fear_f1": 0.0073152889539136795, "fear_tp": 10, "fear_tn": 100255, "fear_fp": 2550, "fear_fn": 164}
