{"precision": 0.1351516119199338, "recall": 0.3506967984934087, "f1": 0.19511121821401253, "accuracy": 0.026950176144942124, "name": "affectivetext_vs_crowdflower_multi", "anger_precision": 0.07725321888412018, "anger_recall": 0.012667135819845179, "anger_accuracy": 0.9592853548062406, "anger_f1": 0.021765417170495772, "anger_tp": 18, "anger_tn": 38104, "anger_fp": 215, "anger_fn": 1403, "joy_precision": 0.2486031321318958, "joy_recall": 0.6852494577006507, "joy_accuracy": 0.44645193759436336, "joy_f1": 0.3648437951146272, "joy_tp": 6318, "joy_tn": 11424, "joy_fp": 19096, "joy_fn": 2902, "surprise_precision": 0.0546673405868426, "surprise_recall": 0.9439595774000918, "surprise_accuracy": 0.1027176648213387, "surprise_f1": 0.10334942667471333, "surprise_tp": 2055, "surprise_tn": 2027, "surprise_fp": 35536, "surprise_fn": 122, "disgust_precision": 0.01680672268907563, "disgust_recall": 0.0111731843575419, "disgust_accuracy": 0.9926019124308002, "disgust_f1": 0.01342281879194631, "disgust_tp": 2, "disgust_tn": 39444, "disgust_fp": 117, "disgust_fn": 177, "sadness_precision": 0.14487553263063468, "sadness_recall": 0.1260979894593012, "sadness_accuracy": 0.7913940613990941, "sadness_f1": 0.13483615111667713, "sadness_tp": 646, "sadness_tn": 30804, "sadness_fp": 3813, "sadness_fn": 4477, "fear_precision": 0.2525533890436397, "fear_recall": 0.03226571767497034, "fear_accuracy": 0.7744589833920483, "fear_f1": 0.05722099505627432, "fear_tp": 272, "fear_tn": 30505, "fear_fp": 805, "fear_fn": 8158}
