{"precision": 0.36470721486012003, "recall": 0.25266792215944756, "f1": 0.29852129977286423, "accuracy": 0.03184059161873459, "name": "affectivetext_vs_ssec_multi", "anger_precision": 0.8271604938271605, "anger_recall": 0.02308752584424535, "anger_accuracy": 0.4147493837304848, "anger_f1": 0.04492122024807241, "anger_tp": 67, "anger_tn": 1952, "anger_fp": 14, "anger_fn": 2835, "joy_precision": 0.4476038338658147, "joy_recall": 0.6777939042089985, "joy_accuracy": 0.508011503697617, "joy_f1": 0.539157206080431, "joy_tp": 1401, "joy_tn": 1072, "joy_fp": 1729, "joy_fn": 666, "surprise_precision": 0.23044255699597677, "surprise_recall": 0.9305054151624549, "surprise_accuracy": 0.2769104354971241, "surprise_f1": 0.3694016481547832, "surprise_tp": 1031, "surprise_tn": 317, "surprise_fp": 3443, "surprise_fn": 77, "disgust_precision": 0.5714285714285714, "disgust_recall": 0.0036646816307833257, "disgust_accuracy": 0.5519720624486442, "disgust_f1": 0.007282658170232134, "disgust_tp": 8, "disgust_tn": 2679, "disgust_fp": 6, "disgust_fn": 2175, "sadness_precision": 0.6526442307692307, "sadness_recall": 0.20537065052950076, "sadness_accuracy": 0.5090386195562859, "sadness_f1": 0.3124280782508631, "sadness_tp": 543, "sadness_tn": 1935, "sadness_fp": 289, "sadness_fn": 2101, "fear_precision": 0.5704697986577181, "fear_recall": 0.09239130434782608, "fear_accuracy": 0.6306491372226787, "fear_f1": 0.15902712815715622, "fear_tp": 170, "fear_tn": 2900, "fear_fp": 128, "fear_fn": 1670}
