{"precision": 0.5876726886291179, "recall": 0.2026383290582631, "f1": 0.3013623978201635, "accuracy": 0.0904716073147257, "name": "affectivetext_vs_affectivetext_multi", "anger_precision": 0.8571428571428571, "anger_recall": 0.08108108108108109, "anger_accuracy": 0.7343599615014437, "anger_f1": 0.14814814814814817, "anger_tp": 24, "anger_tn": 739, "anger_fp": 4, "anger_fn": 272, "fear_precision": 0.8888888888888888, "fear_recall": 0.034782608695652174, "fear_accuracy": 0.5707410972088547, "fear_f1": 0.06694560669456066, "fear_tp": 16, "fear_tn": 577, "fear_fp": 2, "fear_fn": 444, "joy_precision": 0.5395408163265306, "joy_recall": 0.7936210131332082, "joy_accuracy": 0.546679499518768, "joy_f1": 0.642369020501139, "joy_tp": 423, "joy_tn": 145, "joy_fp": 361, "joy_fn": 110, "disgust_precision": 0.6, "disgust_recall": 0.04712041884816754, "disgust_accuracy": 0.8190567853705486, "disgust_f1": 0.08737864077669903, "disgust_tp": 9, "disgust_tn": 842, "disgust_fp": 6, "disgust_fn": 182, "surprise_precision": 0.8666666666666667, "surprise_recall": 0.03672316384180791, "surprise_accuracy": 0.3397497593840231, "surprise_f1": 0.07046070460704607, "surprise_tp": 26, "surprise_tn": 327, "surprise_fp": 4, "surprise_fn": 682, "sadness_precision": 0.8333333333333334, "sadness_recall": 0.10166358595194085, "sadness_accuracy": 0.5216554379210779, "sadness_f1": 0.1812191103789127, "sadness_tp": 55, "sadness_tn": 487, "sadness_fp": 11, "sadness_fn": 486}
