{"precision": 0.2756715514746507, "recall": 0.4978145191942227, "f1": 0.35484362564979594, "accuracy": 0.04750368153531899, "name": "affectivetext_vs_tec_multi", "anger_precision": 0.1111111111111111, "anger_recall": 0.012218649517684888, "anger_accuracy": 0.9198137855683816, "anger_f1": 0.0220162224797219, "anger_tp": 19, "anger_tn": 19344, "anger_fp": 152, "anger_fn": 1536, "joy_precision": 0.4275720746184285, "joy_recall": 0.734612116061673, "joy_accuracy": 0.5113296280461735, "joy_f1": 0.5405332976015007, "joy_tp": 6051, "joy_tn": 4713, "joy_fp": 8101, "joy_fn": 2186, "surprise_precision": 0.18347847723314256, "surprise_recall": 0.9579111457521434, "surprise_accuracy": 0.21286399695976438, "surprise_f1": 0.30796859338456395, "surprise_tp": 3687, "surprise_tn": 794, "surprise_fp": 16408, "surprise_fn": 162, "disgust_precision": 0.14814814814814814, "disgust_recall": 0.005256241787122208, "disgust_accuracy": 0.9629471284024512, "disgust_f1": 0.010152284263959392, "disgust_tp": 4, "disgust_tn": 20267, "disgust_fp": 23, "disgust_fn": 757, "sadness_precision": 0.21351351351351353, "sadness_recall": 0.1443864229765013, "sadness_accuracy": 0.7475654363213149, "sadness_f1": 0.1722741433021807, "sadness_tp": 553, "sadness_tn": 15184, "sadness_fp": 2037, "sadness_fn": 3277, "fear_precision": 0.16837782340862423, "fear_recall": 0.05823863636363636, "fear_accuracy": 0.8355422545247256, "fear_f1": 0.08654353562005276, "fear_tp": 164, "fear_tn": 17425, "fear_fp": 810, "fear_fn": 2652}
