{"precision": 0.5201072386058981, "recall": 0.37524177949709864, "f1": 0.43595505617977526, "accuracy": 0.3624758220502901, "name": "affectivetext_vs_grounded_emotions_multi", "joy_precision": 0.6005560704355886, "joy_recall": 0.4235294117647059, "joy_accuracy": 0.4920696324951644, "joy_f1": 0.4967420467612112, "joy_tp": 648, "joy_tn": 624, "joy_fp": 431, "joy_fn": 882, "sadness_precision": 0.40966921119592875, "sadness_recall": 0.3052132701421801, "sadness_accuracy": 0.5369439071566731, "sadness_f1": 0.34980988593155893, "sadness_tp": 322, "sadness_tn": 1066, "sadness_fp": 464, "sadness_fn": 733}
