{"precision": 0.15339023233760077, "recall": 0.28527336860670194, "f1": 0.1995066296638915, "accuracy": 0.03603976801988401, "name": "affectivetext_vs_emotion-cause_multi", "anger_precision": 0.3076923076923077, "anger_recall": 0.008281573498964804, "anger_accuracy": 0.7978458989229494, "anger_f1": 0.01612903225806452, "anger_tp": 4, "anger_tn": 1922, "anger_fp": 9, "anger_fn": 479, "joy_precision": 0.20448179271708683, "joy_recall": 0.7620041753653445, "joy_accuracy": 0.36454018227009116, "joy_f1": 0.32243816254416957, "joy_tp": 365, "joy_tn": 515, "joy_fp": 1420, "joy_fn": 114, "surprise_precision": 0.08544461003477397, "surprise_recall": 0.8075117370892019, "surprise_accuracy": 0.2203811101905551, "surprise_f1": 0.15453728661275828, "surprise_tp": 172, "surprise_tn": 360, "surprise_fp": 1841, "surprise_fn": 41, "disgust_precision": 0.0, "disgust_recall": 0.0, "disgust_accuracy": 0.9598177299088649, "disgust_f1": NaN, "disgust_tp": 0, "disgust_tn": 2317, "disgust_fp": 2, "disgust_fn": 95, "sadness_precision": 0.2739273927392739, "sadness_recall": 0.1443478260869565, "sadness_accuracy": 0.7050538525269263, "sadness_f1": 0.1890660592255125, "sadness_tp": 83, "sadness_tn": 1619, "sadness_fp": 220, "sadness_fn": 492, "fear_precision": 0.22549019607843138, "fear_recall": 0.054373522458628844, "fear_accuracy": 0.8015741507870754, "fear_f1": 0.08761904761904762, "fear_tp": 23, "fear_tn": 1912, "fear_fp": 79, "fear_fn": 400}
