{"precision": 0.8073089700996677, "recall": 0.10714285714285714, "f1": 0.18917866874270145, "accuracy": 0.15741507870753935, "name": "all-vs_vs_emotion-cause_multi", "anger_precision": 0.7934782608695652, "anger_recall": 0.15113871635610765, "anger_accuracy": 0.8222866611433306, "anger_f1": 0.2539130434782609, "anger_tp": 73, "anger_tn": 1912, "anger_fp": 19, "anger_fn": 410, "sadness_precision": 0.9019607843137255, "sadness_recall": 0.08, "sadness_accuracy": 0.7787903893951947, "sadness_f1": 0.14696485623003194, "sadness_tp": 46, "sadness_tn": 1834, "sadness_fp": 5, "sadness_fn": 529, "disgust_precision": 0.0, "disgust_recall": 0.0, "disgust_accuracy": 0.9602319801159901, "disgust_f1": NaN, "disgust_tp": 0, "disgust_tn": 2318, "disgust_fp": 1, "disgust_fn": 95, "joy_precision": 0.7818181818181819, "joy_recall": 0.08977035490605428, "joy_accuracy": 0.8144159072079536, "joy_f1": 0.16104868913857678, "joy_tp": 43, "joy_tn": 1923, "joy_fp": 12, "joy_fn": 436, "surprise_precision": 0.0, "surprise_recall": 0.0, "surprise_accuracy": 0.9109362054681027, "surprise_f1": NaN, "surprise_tp": 0, "surprise_tn": 2199, "surprise_fp": 2, "surprise_fn": 213, "fear_precision": 0.81, "fear_recall": 0.19148936170212766, "fear_accuracy": 0.8504556752278376, "fear_f1": 0.30975143403441685, "fear_tp": 81, "fear_tn": 1972, "fear_fp": 19, "fear_fn": 342}
