{"precision": 0.5476923076923077, "recall": 0.042284302546560244, "f1": 0.07850747585233539, "accuracy": 0.04223077288489858, "name": "all-vs_vs_tec_multi", "anger_precision": 0.6229508196721312, "anger_recall": 0.04887459807073955, "anger_accuracy": 0.9275568856586386, "anger_f1": 0.09063804412641623, "anger_tp": 76, "anger_tn": 19450, "anger_fp": 46, "anger_fn": 1479, "sadness_precision": 0.41379310344827586, "sadness_recall": 0.03759791122715405, "sadness_accuracy": 0.8152106788276091, "sadness_f1": 0.06893250359023458, "sadness_tp": 144, "sadness_tn": 17017, "sadness_fp": 204, "sadness_fn": 3686, "disgust_precision": 0.2, "disgust_recall": 0.002628120893561104, "disgust_accuracy": 0.9635646762624104, "disgust_f1": 0.005188067444876784, "disgust_tp": 2, "disgust_tn": 20282, "disgust_fp": 8, "disgust_fn": 759, "joy_precision": 0.5717852684144819, "joy_recall": 0.055602767998057544, "joy_accuracy": 0.6141750985701392, "joy_f1": 0.1013498561628679, "joy_tp": 458, "joy_tn": 12471, "joy_fp": 343, "joy_fn": 7779, "surprise_precision": 0.5675675675675675, "surprise_recall": 0.005455962587685113, "surprise_accuracy": 0.8173958481782339, "surprise_f1": 0.01080802882141019, "surprise_tp": 21, "surprise_tn": 17186, "surprise_fp": 16, "surprise_fn": 3828, "fear_precision": 0.6156351791530945, "fear_recall": 0.06711647727272728, "fear_accuracy": 0.8696023941855494, "fear_f1": 0.12103746397694524, "fear_tp": 189, "fear_tn": 18117, "fear_fp": 118, "fear_fn": 2627}
