{"precision": 0.7756653992395437, "recall": 0.01320901320901321, "f1": 0.025975679633284524, "accuracy": 0.02732128184059162, "name": "all-vs_vs_ssec_multi", "anger_precision": 0.8, "anger_recall": 0.004135079255685734, "anger_accuracy": 0.4057107641741988, "anger_f1": 0.0082276311278711, "anger_tp": 12, "anger_tn": 1963, "anger_fp": 3, "anger_fn": 2890, "sadness_precision": 0.8888888888888888, "sadness_recall": 0.0030257186081694403, "sadness_accuracy": 0.45829909613804437, "sadness_f1": 0.00603090840557859, "sadness_tp": 8, "sadness_tn": 2223, "sadness_fp": 1, "sadness_fn": 2636, "disgust_precision": 0.625, "disgust_recall": 0.0022904260192395786, "disgust_accuracy": 0.5519720624486442, "disgust_f1": 0.004564125969876769, "disgust_tp": 5, "disgust_tn": 2682, "disgust_fp": 3, "disgust_fn": 2178, "trust_precision": NaN, "trust_recall": 0.0, "trust_accuracy": 0.44535743631881675, "trust_f1": NaN, "trust_tp": 0, "trust_tn": 2168, "trust_fp": 0, "trust_fn": 2700, "joy_precision": 0.7704081632653061, "joy_recall": 0.07305273343009192, "joy_accuracy": 0.5971651602300739, "joy_f1": 0.13345117101193107, "joy_tp": 151, "joy_tn": 2756, "joy_fp": 45, "joy_fn": 1916, "surprise_precision": 1.0, "surprise_recall": 0.0018050541516245488, "surprise_accuracy": 0.7728019720624486, "surprise_f1": 0.0036036036036036037, "surprise_tp": 2, "surprise_tn": 3760, "surprise_fp": 0, "surprise_fn": 1106, "fear_precision": 0.7878787878787878, "fear_recall": 0.014130434782608696, "fear_accuracy": 0.6259244042728019, "fear_f1": 0.02776294714361986, "fear_tp": 26, "fear_tn": 3021, "fear_fp": 7, "fear_fn": 1814}
