{"precision": 0.3019865992711884, "recall": 0.1430400890868597, "f1": 0.19412853742396188, "accuracy": 0.18877705083039759, "name": "all-vs_vs_crowdflower_multi", "anger_precision": 0.09375, "anger_recall": 0.00211118930330753, "anger_accuracy": 0.9635883241066935, "anger_f1": 0.0041293874741913286, "anger_tp": 3, "anger_tn": 38290, "anger_fp": 29, "anger_fn": 1418, "sadness_precision": 0.4649122807017544, "sadness_recall": 0.031036502049580323, "sadness_accuracy": 0.8704831404126825, "sadness_f1": 0.05818847209515096, "sadness_tp": 159, "sadness_tn": 34434, "sadness_fp": 183, "sadness_fn": 4964, "disgust_precision": 0.0, "disgust_recall": 0.0, "disgust_accuracy": 0.9951685958731756, "disgust_f1": NaN, "disgust_tp": 0, "disgust_tn": 39548, "disgust_fp": 13, "disgust_fn": 179, "noemo_precision": 0.28453935502489, "noemo_recall": 0.4209178228388474, "noemo_accuracy": 0.6139154504277806, "noemo_f1": 0.3395462958977229, "noemo_tp": 3944, "noemo_tn": 20453, "noemo_fp": 9917, "noemo_fn": 5426, "joy_precision": 0.3782870022539444, "joy_recall": 0.10921908893709327, "joy_accuracy": 0.7516859587317564, "joy_f1": 0.1695000841609157, "joy_tp": 1007, "joy_tn": 28865, "joy_fp": 1655, "joy_fn": 8213, "surprise_precision": 0.16417910447761194, "surprise_recall": 0.005052824988516307, "surprise_accuracy": 0.9440865626572723, "surprise_f1": 0.00980392156862745, "surprise_tp": 11, "surprise_tn": 37507, "surprise_fp": 56, "surprise_fn": 2166, "fear_precision": 0.3783783783783784, "fear_recall": 0.00166073546856465, "fear_accuracy": 0.7876446904881731, "fear_f1": 0.00330695641903862, "fear_tp": 14, "fear_tn": 31287, "fear_fp": 23, "fear_fn": 8416}
