{"precision": 0.6194029850746269, "recall": 0.1573353192065534, "f1": 0.2509312746315392, "accuracy": 0.1573353192065534, "name": "all-vs_vs_tales-emotion_multi", "anger_precision": 0.1, "anger_recall": 0.001366120218579235, "anger_accuracy": 0.9499018346760544, "anger_f1": 0.002695417789757412, "anger_tp": 1, "anger_tn": 14030, "anger_fp": 9, "anger_fn": 731, "sadness_precision": 0.46153846153846156, "sadness_recall": 0.006514657980456026, "sadness_accuracy": 0.9375803940153002, "sadness_f1": 0.01284796573875803, "sadness_tp": 6, "sadness_tn": 13843, "sadness_fp": 7, "sadness_fn": 915, "disgust_precision": 0.0, "disgust_recall": 0.0, "disgust_accuracy": 0.9741385146570983, "disgust_f1": NaN, "disgust_tp": 0, "disgust_tn": 14389, "disgust_fp": 4, "disgust_fn": 378, "noemo_precision": 0.6238658234808908, "noemo_recall": 0.24151144225651944, "noemo_accuracy": 0.42495430234919773, "noemo_f1": 0.34821976672805405, "noemo_tp": 2269, "noemo_tn": 4008, "noemo_fp": 1368, "noemo_fn": 7126, "joy_precision": 0.56, "joy_recall": 0.022988505747126436, "joy_accuracy": 0.8769209938392797, "joy_f1": 0.04416403785488959, "joy_tp": 42, "joy_tn": 12911, "joy_fp": 33, "joy_fn": 1785, "surprise_precision": NaN, "surprise_recall": 0.0, "surprise_accuracy": 0.9454336199309458, "surprise_f1": NaN, "surprise_tp": 0, "surprise_tn": 13965, "surprise_fp": 0, "surprise_fn": 806, "fear_precision": 0.46153846153846156, "fear_recall": 0.008426966292134831, "fear_accuracy": 0.9517297407081443, "fear_f1": 0.016551724137931035, "fear_tp": 6, "fear_tn": 14052, "fear_fp": 7, "fear_fn": 706}
