{"precision": 0.8438661710037175, "recall": 0.08289209421215994, "f1": 0.15095594347464672, "accuracy": 0.34007304983042, "name": "all-vs_vs_isear_multi", "anger_precision": 0.7326732673267327, "anger_recall": 0.06751824817518248, "anger_accuracy": 0.8631620140881816, "anger_f1": 0.12364243943191312, "anger_tp": 74, "anger_tn": 6543, "anger_fp": 27, "anger_fn": 1022, "sadness_precision": 0.84472049689441, "sadness_recall": 0.12408759124087591, "sadness_accuracy": 0.8715105661361857, "sadness_f1": 0.2163882259347653, "sadness_tp": 136, "sadness_tn": 6545, "sadness_fp": 25, "sadness_fn": 960, "joy_precision": 0.8904109589041096, "joy_recall": 0.11882998171846434, "joy_accuracy": 0.8721627967649361, "joy_f1": 0.2096774193548387, "joy_tp": 130, "joy_tn": 6556, "joy_fp": 16, "joy_fn": 964, "disgust_precision": 0.0, "disgust_recall": 0.0, "disgust_accuracy": 0.8569006000521785, "disgust_f1": NaN, "disgust_tp": 0, "disgust_tn": 6569, "disgust_fp": 1, "disgust_fn": 1096, "fear_precision": 0.8837209302325582, "fear_recall": 0.10410958904109589, "fear_accuracy": 0.870075658752935, "fear_f1": 0.18627450980392157, "fear_tp": 114, "fear_tn": 6556, "fear_fp": 15, "fear_fn": 981}
