{"precision": 0.5625, "recall": 0.027852998065764023, "f1": 0.05307777368227055, "accuracy": 0.027852998065764023, "name": "all-vs_vs_grounded_emotions_multi", "joy_precision": 0.6326530612244898, "joy_recall": 0.040522875816993466, "joy_accuracy": 0.41818181818181815, "joy_f1": 0.07616707616707617, "joy_tp": 62, "joy_tn": 1019, "joy_fp": 36, "joy_fn": 1468, "sadness_precision": 0.3333333333333333, "sadness_recall": 0.009478672985781991, "sadness_accuracy": 0.5880077369439072, "sadness_f1": 0.018433179723502304, "sadness_tp": 10, "sadness_tn": 1510, "sadness_fp": 20, "sadness_fn": 1045}
