{"precision": 0.6773675762439807, "recall": 0.05941988172345818, "f1": 0.10925566343042073, "accuracy": 0.05941988172345818, "name": "all-vs_vs_emoint_multi", "anger_precision": 0.9512195121951219, "anger_recall": 0.04585537918871252, "anger_accuracy": 0.7709096029287524, "anger_f1": 0.08749298934380258, "anger_tp": 78, "anger_tn": 5397, "anger_fp": 4, "anger_fn": 1623, "joy_precision": 0.496551724137931, "joy_recall": 0.0891089108910891, "joy_accuracy": 0.772176851591101, "joy_f1": 0.15110178384050368, "joy_tp": 144, "joy_tn": 5340, "joy_fp": 146, "joy_fn": 1472, "sadness_precision": 0.6435643564356436, "sadness_recall": 0.042400521852576645, "sadness_accuracy": 0.7882286679808505, "sadness_f1": 0.0795593635250918, "sadness_tp": 65, "sadness_tn": 5533, "sadness_fp": 36, "sadness_fn": 1468, "fear_precision": 0.9, "fear_recall": 0.05994671403197158, "fear_accuracy": 0.6998028724303014, "fear_f1": 0.11240632805995004, "fear_tp": 135, "fear_tn": 4835, "fear_fp": 15, "fear_fn": 2117}
