{"precision": 0.5787214294001625, "recall": 0.04843705998310335, "f1": 0.08939228301582466, "accuracy": 0.04843705998310335, "name": "all-vs_vs_dailydialog_multi", "anger_precision": 0.04878048780487805, "anger_recall": 0.003913894324853229, "anger_accuracy": 0.9893570533798153, "anger_f1": 0.007246376811594202, "anger_tp": 4, "anger_tn": 101879, "anger_fp": 78, "anger_fn": 1018, "sadness_precision": 0.05232558139534884, "sadness_recall": 0.01565217391304348, "sadness_accuracy": 0.9858417735654842, "sadness_f1": 0.02409638554216868, "sadness_tp": 18, "sadness_tn": 101503, "sadness_fp": 326, "sadness_fn": 1132, "disgust_precision": 0.0, "disgust_recall": 0.0, "disgust_accuracy": 0.9965526952097029, "disgust_f1": NaN, "disgust_tp": 0, "disgust_tn": 102624, "disgust_fp": 2, "disgust_fn": 353, "noemo_precision": 0.8630812588069516, "noemo_recall": 0.042946290842799044, "noemo_accuracy": 0.19906000252478662, "noemo_f1": 0.08182121785595013, "noemo_tp": 3675, "noemo_tn": 16824, "noemo_fp": 583, "noemo_fn": 81897, "joy_precision": 0.4953460137596115, "joy_recall": 0.0949941792782305, "joy_accuracy": 0.8746540556812554, "joy_f1": 0.15941651471737434, "joy_tp": 1224, "joy_tn": 88847, "joy_fp": 1247, "joy_fn": 11661, "surprise_precision": 0.3130434782608696, "surprise_recall": 0.019747668678003292, "surprise_accuracy": 0.9818798007360724, "surprise_f1": 0.03715170278637771, "surprise_tp": 36, "surprise_tn": 101077, "surprise_fp": 79, "surprise_fn": 1787, "fear_precision": 0.02301410541945063, "fear_recall": 0.1781609195402299, "fear_accuracy": 0.985832062847765, "fear_f1": 0.040762656147271537, "fear_tp": 31, "fear_tn": 101489, "fear_fp": 1316, "fear_fn": 143}
