{"precision": 0.2625160462130937, "recall": 0.23035764573359618, "f1": 0.24538773061346933, "accuracy": 0.17938608842579554, "name": "all_vs_affectivetext_multi", "joy_precision": 0.25963302752293577, "joy_recall": 0.7004950495049505, "joy_accuracy": 0.4773303294846522, "joy_f1": 0.3788487282463186, "joy_tp": 1132, "joy_tn": 2258, "joy_fp": 3228, "joy_fn": 484, "fear_precision": 0.4214876033057851, "fear_recall": 0.0905861456483126, "fear_accuracy": 0.6722050126724867, "fear_f1": 0.14912280701754382, "fear_tp": 204, "fear_tn": 4570, "fear_fp": 280, "fear_fn": 2048, "anger_precision": 0.36036036036036034, "anger_recall": 0.023515579071134628, "anger_accuracy": 0.7561250352013518, "anger_f1": 0.04415011037527594, "anger_tp": 40, "anger_tn": 5330, "anger_fp": 71, "anger_fn": 1661, "sadness_precision": 0.20360219263899765, "sadness_recall": 0.16960208741030658, "sadness_accuracy": 0.6775556181357364, "sadness_f1": 0.18505338078291814, "sadness_tp": 260, "sadness_tn": 4552, "sadness_fp": 1017, "sadness_fn": 1273}
