{"precision": 0.3897779431832279, "recall": 0.3897779431832279, "f1": 0.38977794318322784, "accuracy": 0.3897779431832279, "name": "crowdflower_vs_crowdflower_single", "fear_precision": 0.351129363449692, "fear_recall": 0.4002340550029257, "fear_accuracy": 0.7160401935243766, "fear_f1": 0.3740771123872026, "fear_tp": 684, "fear_tn": 5088, "fear_fp": 1264, "fear_fn": 1025, "sadness_precision": 0.3595959595959596, "sadness_recall": 0.1743388834476004, "sadness_accuracy": 0.8560972584046644, "sadness_f1": 0.23482849604221634, "sadness_tp": 178, "sadness_tn": 6723, "sadness_fp": 317, "sadness_fn": 843, "noemo_precision": 0.3765586034912718, "noemo_recall": 0.551958224543081, "noemo_accuracy": 0.6764669395856594, "noemo_f1": 0.4476916560779331, "noemo_tp": 1057, "noemo_tn": 4396, "noemo_fp": 1750, "noemo_fn": 858, "joy_precision": 0.42531409958120053, "joy_recall": 0.4820675105485232, "joy_accuracy": 0.724972087830294, "joy_f1": 0.45191594561186654, "joy_tp": 914, "joy_tn": 4930, "joy_fp": 1235, "joy_fn": 982, "love_precision": 0.4822429906542056, "love_recall": 0.32452830188679244, "love_accuracy": 0.8990199727081007, "love_f1": 0.38796992481203013, "love_tp": 258, "love_tn": 6989, "love_fp": 277, "love_fn": 537, "anger_precision": 0.4878048780487805, "anger_recall": 0.14285714285714285, "anger_accuracy": 0.9650167473018236, "anger_f1": 0.22099447513812157, "anger_tp": 40, "anger_tn": 7739, "anger_fp": 42, "anger_fn": 240, "surprise_precision": 0.25, "surprise_recall": 0.026634382566585957, "surprise_accuracy": 0.9460364719017491, "surprise_f1": 0.04814004376367615, "surprise_tp": 11, "surprise_tn": 7615, "surprise_fp": 33, "surprise_fn": 402, "disgust_precision": 0.0, "disgust_recall": 0.0, "disgust_accuracy": 0.9959062151097878, "disgust_f1": NaN, "disgust_tp": 0, "disgust_tn": 8028, "disgust_fp": 1, "disgust_fn": 32}
