{"precision": 0.11035105220654601, "recall": 0.11035105220654601, "f1": 0.11035105220654601, "accuracy": 0.11035105220654601, "name": "crowdflower_vs_tec_single", "disgust_precision": 0.33707865168539325, "disgust_recall": 0.00779423226812159, "disgust_accuracy": 0.815780723006033, "disgust_f1": 0.015236160487557134, "disgust_tp": 30, "disgust_tn": 17143, "disgust_fp": 59, "disgust_fn": 3819, "noemo_precision": 0.548885077186964, "noemo_recall": 0.0835509138381201, "noemo_accuracy": 0.8207686095672415, "noemo_f1": 0.14502605937004306, "noemo_tp": 320, "noemo_tn": 16958, "noemo_fp": 263, "noemo_fn": 3510, "fear_precision": 0.4791307347361159, "fear_recall": 0.1686293553478208, "fear_accuracy": 0.602964229727804, "fear_f1": 0.24946120689655174, "fear_tp": 1389, "fear_tn": 11304, "fear_fp": 1510, "fear_fn": 6848, "surprise_precision": 0.0, "surprise_recall": 0.0, "surprise_accuracy": 0.963802194670087, "surprise_f1": NaN, "surprise_tp": 0, "surprise_tn": 20289, "surprise_fp": 1, "surprise_fn": 761, "sadness_precision": 0.143468339988591, "sadness_recall": 0.1786221590909091, "sadness_accuracy": 0.7474704289582442, "sadness_f1": 0.1591268585890541, "sadness_tp": 503, "sadness_tn": 15232, "sadness_fp": 3003, "sadness_fn": 2313, "anger_precision": 0.2943396226415094, "anger_recall": 0.05016077170418006, "anger_accuracy": 0.9209538739252292, "anger_f1": 0.08571428571428572, "anger_tp": 78, "anger_tn": 19309, "anger_fp": 187, "anger_fn": 1477, "joy_precision": 0.00021885030639042896, "joy_recall": 1.0, "joy_accuracy": 0.34896204455845325, "joy_f1": 0.0004376048428269273, "joy_tp": 3, "joy_tn": 7343, "joy_fp": 13705, "joy_fn": 0}
