{"precision": 0.5151309999322998, "recall": 0.5151309999322998, "f1": 0.5151309999322998, "accuracy": 0.5151309999322998, "name": "crowdflower_vs_tales-emotion_single", "anger_precision": 0.6566248256624826, "anger_recall": 0.7516764236295902, "anger_accuracy": 0.5920384537268973, "anger_f1": 0.7009429280397023, "anger_tp": 7062, "anger_tn": 1683, "anger_fp": 3693, "anger_fn": 2333, "sadness_precision": 0.07543103448275862, "sadness_recall": 0.19662921348314608, "sadness_accuracy": 0.8451018888362332, "sadness_f1": 0.1090342679127726, "sadness_tp": 140, "sadness_tn": 12343, "sadness_fp": 1716, "sadness_fn": 572, "surprise_precision": NaN, "surprise_recall": 0.0, "surprise_accuracy": 0.9744093155507413, "surprise_f1": NaN, "surprise_tp": 0, "surprise_tn": 14393, "surprise_fp": 0, "surprise_fn": 378, "noemo_precision": 0.226890756302521, "noemo_recall": 0.029315960912052116, "noemo_accuracy": 0.9332475797170131, "noemo_f1": 0.051923076923076926, "noemo_tp": 27, "noemo_tn": 13758, "noemo_fp": 92, "noemo_fn": 894, "fear_precision": 0.0, "fear_recall": 0.0, "fear_accuracy": 0.9499018346760544, "fear_f1": NaN, "fear_tp": 0, "fear_tn": 14031, "fear_fp": 8, "fear_fn": 732, "joy_precision": 0.1888111888111888, "joy_recall": 0.20689655172413793, "joy_accuracy": 0.7919572134588044, "joy_f1": 0.19744058500914075, "joy_tp": 378, "joy_tn": 11320, "joy_fp": 1624, "joy_fn": 1449, "disgust_precision": 0.06451612903225806, "disgust_recall": 0.0024813895781637717, "disgust_accuracy": 0.9436057138988558, "disgust_f1": 0.004778972520908005, "disgust_tp": 2, "disgust_tn": 13936, "disgust_fp": 29, "disgust_fn": 804}
