{"precision": 0.017408123791102514, "recall": 0.017408123791102514, "f1": 0.017408123791102514, "accuracy": 0.017408123791102514, "name": "crowdflower_vs_grounded_emotions_single", "sadness_precision": 0.6666666666666666, "sadness_recall": 0.005687203791469194, "sadness_accuracy": 0.593036750483559, "sadness_f1": 0.011278195488721806, "sadness_tp": 6, "sadness_tn": 1527, "sadness_fp": 3, "sadness_fn": 1049, "joy_precision": 0.6290322580645161, "joy_recall": 0.025490196078431372, "joy_accuracy": 0.41431334622823984, "joy_f1": 0.048994974874371856, "joy_tp": 39, "joy_tn": 1032, "joy_fp": 23, "joy_fn": 1491}
