{"precision": 0.28632924602139315, "recall": 0.28632924602139315, "f1": 0.28632924602139315, "accuracy": 0.28632924602139315, "name": "crowdflower_vs_isear_single", "joy_precision": 0.34624697336561744, "joy_recall": 0.13071297989031078, "joy_accuracy": 0.8407252804591704, "joy_f1": 0.1897810218978102, "joy_tp": 143, "joy_tn": 6302, "joy_fp": 270, "joy_fn": 951, "fear_precision": 0.15855704697986578, "fear_recall": 0.1726027397260274, "fear_accuracy": 0.7509783459431255, "fear_f1": 0.16528202885876694, "fear_tp": 189, "fear_tn": 5568, "fear_fp": 1003, "fear_fn": 906, "anger_precision": 0.4, "anger_recall": 0.0036496350364963502, "anger_accuracy": 0.8567701539264284, "anger_f1": 0.007233273056057867, "anger_tp": 4, "anger_tn": 6564, "anger_fp": 6, "anger_fn": 1092, "sadness_precision": 0.7175572519083969, "sadness_recall": 0.17153284671532848, "sadness_accuracy": 0.871901904513436, "sadness_f1": 0.2768777614138439, "sadness_tp": 188, "sadness_tn": 6496, "sadness_fp": 74, "sadness_fn": 908, "disgust_precision": NaN, "disgust_recall": 0.0, "disgust_accuracy": 0.8570310461779285, "disgust_f1": NaN, "disgust_tp": 0, "disgust_tn": 6570, "disgust_fp": 0, "disgust_fn": 1096, "noemo_precision": 0.2886508896182415, "noemo_recall": 0.7633622658748287, "noemo_accuracy": 0.3952517610226976, "noemo_f1": 0.4189019804462272, "noemo_tp": 1671, "noemo_tn": 1359, "noemo_fp": 4118, "noemo_fn": 518}
