{"precision": 0.7755102040816326, "recall": 0.011801242236024845, "f1": 0.023248699908228816, "accuracy": 0.0344, "name": "crowdflower_vs_affectivetext_multi", "anger_precision": 0.8, "anger_recall": 0.0106951871657754, "anger_accuracy": 0.7032, "anger_f1": 0.021108179419525065, "anger_tp": 4, "anger_tn": 875, "anger_fp": 1, "anger_fn": 370, "joy_precision": 0.8947368421052632, "joy_recall": 0.027463651050080775, "joy_accuracy": 0.5168, "joy_f1": 0.05329153605015674, "joy_tp": 17, "joy_tn": 629, "joy_fp": 2, "joy_fn": 602, "surprise_precision": 1.0, "surprise_recall": 0.0038119440914866584, "surprise_accuracy": 0.3728, "surprise_f1": 0.007594936708860761, "surprise_tp": 3, "surprise_tn": 463, "surprise_fp": 0, "surprise_fn": 784, "disgust_precision": NaN, "disgust_recall": 0.0, "disgust_accuracy": 0.7976, "disgust_f1": NaN, "disgust_tp": 0, "disgust_tn": 997, "disgust_fp": 0, "disgust_fn": 253, "sadness_precision": 1.0, "sadness_recall": 0.010769230769230769, "sadness_accuracy": 0.4856, "sadness_f1": 0.0213089802130898, "sadness_tp": 7, "sadness_tn": 600, "sadness_fp": 0, "sadness_fn": 643, "fear_precision": 0.4666666666666667, "fear_recall": 0.01303538175046555, "fear_accuracy": 0.5696, "fear_f1": 0.025362318840579712, "fear_tp": 7, "fear_tn": 705, "fear_fp": 8, "fear_fn": 530}
