{"precision": 0.823076923076923, "recall": 0.008396107972379158, "f1": 0.01662265030293615, "accuracy": 0.049301561216105176, "name": "crowdflower_vs_ssec_multi", "anger_precision": 1.0, "anger_recall": 0.002067539627842867, "anger_accuracy": 0.40509449465899755, "anger_f1": 0.0041265474552957355, "anger_tp": 6, "anger_tn": 1966, "anger_fp": 0, "anger_fn": 2896, "fear_precision": 0.8709677419354839, "fear_recall": 0.03918722786647315, "fear_accuracy": 0.5895645028759244, "fear_f1": 0.075, "fear_tp": 81, "fear_tn": 2789, "fear_fp": 12, "fear_fn": 1986, "joy_precision": 1.0, "joy_recall": 0.00631768953068592, "joy_accuracy": 0.7738290879211175, "joy_f1": 0.01255605381165919, "joy_tp": 7, "joy_tn": 3760, "joy_fp": 0, "joy_fn": 1101, "disgust_precision": NaN, "disgust_recall": 0.0, "disgust_accuracy": 0.5515612161051766, "disgust_f1": NaN, "disgust_tp": 0, "disgust_tn": 2685, "disgust_fp": 0, "disgust_fn": 2183, "surprise_precision": 0.6666666666666666, "surprise_recall": 0.0007564296520423601, "surprise_accuracy": 0.45706655710764177, "surprise_f1": 0.001511144692104269, "surprise_tp": 2, "surprise_tn": 2223, "surprise_fp": 1, "surprise_fn": 2642, "sadness_precision": 0.5238095238095238, "sadness_recall": 0.005978260869565218, "sadness_accuracy": 0.6222267871815941, "sadness_f1": 0.011821601289629233, "sadness_tp": 11, "sadness_tn": 3018, "sadness_fp": 10, "sadness_fn": 1829}
