{"precision": 0.08462404956350324, "recall": 0.08462404956350324, "f1": 0.08462404956350324, "accuracy": 0.08462404956350324, "name": "crowdflower_vs_emoint_single", "anger_precision": 0.3333333333333333, "anger_recall": 0.00940623162845385, "anger_accuracy": 0.7582371163052661, "anger_f1": 0.01829616923956547, "anger_tp": 16, "anger_tn": 5369, "anger_fp": 32, "anger_fn": 1685, "fear_precision": 0.3639896373056995, "fear_recall": 0.12477797513321492, "fear_accuracy": 0.6533370881441848, "fear_f1": 0.18584656084656084, "fear_tp": 281, "fear_tn": 4359, "fear_fp": 491, "fear_fn": 1971, "joy_precision": 0.39357429718875503, "joy_recall": 0.12128712871287128, "joy_accuracy": 0.757533089270628, "joy_f1": 0.18543046357615892, "joy_tp": 196, "joy_tn": 5184, "joy_fp": 302, "joy_fn": 1420, "sadness_precision": 0.526829268292683, "sadness_recall": 0.07045009784735812, "sadness_accuracy": 0.7856941706561532, "sadness_f1": 0.1242807825086306, "sadness_tp": 108, "sadness_tn": 5472, "sadness_fp": 97, "sadness_fn": 1425}
