{"precision": 0.13380281690140844, "recall": 0.13380281690140844, "f1": 0.13380281690140844, "accuracy": 0.13380281690140844, "name": "crowdflower_vs_emotion-cause_single", "joy_precision": 0.3627450980392157, "joy_recall": 0.23173277661795408, "joy_accuracy": 0.7667771333885667, "joy_f1": 0.28280254777070063, "joy_tp": 111, "joy_tn": 1740, "joy_fp": 195, "joy_fn": 368, "sadness_precision": 0.7692307692307693, "sadness_recall": 0.08695652173913043, "sadness_accuracy": 0.776304888152444, "sadness_f1": 0.15624999999999997, "sadness_tp": 50, "sadness_tn": 1824, "sadness_fp": 15, "sadness_fn": 525, "surprise_precision": 0.0, "surprise_recall": 0.0, "surprise_accuracy": 0.9092792046396023, "surprise_f1": NaN, "surprise_tp": 0, "surprise_tn": 2195, "surprise_fp": 6, "surprise_fn": 213, "disgust_precision": NaN, "disgust_recall": 0.0, "disgust_accuracy": 0.9606462303231151, "disgust_f1": NaN, "disgust_tp": 0, "disgust_tn": 2319, "disgust_fp": 0, "disgust_fn": 95, "anger_precision": 0.3333333333333333, "anger_recall": 0.002070393374741201, "anger_accuracy": 0.7995028997514498, "anger_f1": 0.00411522633744856, "anger_tp": 1, "anger_tn": 1929, "anger_fp": 2, "anger_fn": 482, "fear_precision": 0.17777777777777778, "fear_recall": 0.13238770685579196, "fear_accuracy": 0.7406793703396851, "fear_f1": 0.15176151761517617, "fear_tp": 56, "fear_tn": 1732, "fear_fp": 259, "fear_fn": 367, "noemo_precision": 0.06108202443280977, "noemo_recall": 0.7191780821917808, "noemo_accuracy": 0.3144159072079536, "noemo_f1": 0.1126005361930295, "noemo_tp": 105, "noemo_tn": 654, "noemo_fp": 1614, "noemo_fn": 41}
