{"precision": 0.6860136532691131, "recall": 0.6860136532691131, "f1": 0.6860136532691131, "accuracy": 0.6860136532691131, "name": "crowdflower_vs_dailydialog_single", "disgust_precision": 0.0, "disgust_recall": 0.0, "disgust_accuracy": 0.9965138523388264, "disgust_f1": NaN, "disgust_tp": 0, "disgust_tn": 102620, "disgust_fp": 6, "disgust_fn": 353, "noemo_precision": 0.857584862238701, "noemo_recall": 0.7838545318562147, "noemo_accuracy": 0.7122228803930899, "noemo_f1": 0.8190637840610061, "noemo_tp": 67076, "noemo_tn": 6268, "noemo_fp": 11139, "noemo_fn": 18496, "joy_precision": 0.3686722912966252, "joy_recall": 0.25774155995343423, "joy_accuracy": 0.8519018440652949, "joy_f1": 0.30338464349335403, "joy_tp": 3321, "joy_tn": 84407, "joy_fp": 5687, "joy_fn": 9564, "anger_precision": 0.06302521008403361, "anger_recall": 0.014677103718199608, "anger_accuracy": 0.9880558172054497, "anger_f1": 0.023809523809523808, "anger_tp": 15, "anger_tn": 101734, "anger_fp": 223, "anger_fn": 1007, "surprise_precision": 0.12009803921568628, "surprise_recall": 0.05375754251234229, "surprise_accuracy": 0.9762767166121248, "surprise_f1": 0.07427055702917772, "surprise_tp": 98, "surprise_tn": 100438, "surprise_fp": 718, "surprise_fn": 1725, "sadness_precision": 0.058704453441295545, "sadness_recall": 0.050434782608695654, "sadness_accuracy": 0.9803649287718855, "sadness_f1": 0.05425631431244153, "sadness_tp": 58, "sadness_tn": 100899, "sadness_fp": 930, "sadness_fn": 1092, "fear_precision": 0.0056171578640210095, "fear_recall": 0.4425287356321839, "fear_accuracy": 0.8666912671515552, "fear_f1": 0.011093502377179081, "fear_tp": 77, "fear_tn": 89174, "fear_fp": 13631, "fear_fn": 97}
