{"precision": 0.021424160372428863, "recall": 0.021424160372428863, "f1": 0.021424160372428863, "accuracy": 0.021424160372428863, "name": "dailydialog_vs_tec_single", "surprise_precision": 0.4426229508196721, "surprise_recall": 0.007014809041309431, "surprise_accuracy": 0.81682580399981, "surprise_f1": 0.01381074168797954, "surprise_tp": 27, "surprise_tn": 17168, "surprise_fp": 34, "surprise_fn": 3822, "sadness_precision": 0.25, "sadness_recall": 0.0005221932114882506, "sadness_accuracy": 0.817870884993587, "sadness_f1": 0.0010422094841063053, "sadness_tp": 2, "sadness_tn": 17215, "sadness_fp": 6, "sadness_fn": 3828, "joy_precision": 0.5371577574967406, "joy_recall": 0.050018210513536485, "joy_accuracy": 0.6114198850410907, "joy_f1": 0.09151488227454464, "joy_tp": 412, "joy_tn": 12459, "joy_fp": 355, "joy_fn": 7825, "disgust_precision": 0.125, "disgust_recall": 0.001314060446780552, "disgust_accuracy": 0.9635646762624104, "disgust_f1": 0.0026007802340702207, "disgust_tp": 1, "disgust_tn": 20283, "disgust_fp": 7, "disgust_fn": 760, "fear_precision": 1.0, "fear_recall": 0.0003551136363636364, "fear_accuracy": 0.866277136478077, "fear_f1": 0.0007099751508697197, "fear_tp": 1, "fear_tn": 18235, "fear_fp": 0, "fear_fn": 2815, "anger_precision": 0.19230769230769232, "anger_recall": 0.003215434083601286, "anger_accuracy": 0.9253717163080138, "anger_f1": 0.006325110689437066, "anger_tp": 5, "anger_tn": 19475, "anger_fp": 21, "anger_fn": 1550, "noemo_precision": 0.00014866204162537167, "noemo_recall": 1.0, "noemo_accuracy": 0.04151821766186879, "noemo_f1": 0.00029727988901550814, "noemo_tp": 3, "noemo_tn": 871, "noemo_fp": 20177, "noemo_fn": 0}
