{"precision": 0.025145067698259187, "recall": 0.025145067698259187, "f1": 0.025145067698259187, "accuracy": 0.025145067698259187, "name": "dailydialog_vs_grounded_emotions_single", "sadness_precision": NaN, "sadness_recall": 0.0, "sadness_accuracy": 0.5918762088974855, "sadness_f1": NaN, "sadness_tp": 0, "sadness_tn": 1530, "sadness_fp": 0, "sadness_fn": 1055, "joy_precision": 0.6565656565656566, "joy_recall": 0.042483660130718956, "joy_accuracy": 0.42011605415860737, "joy_f1": 0.0798035604665439, "joy_tp": 65, "joy_tn": 1021, "joy_fp": 34, "joy_fn": 1465}
