{"precision": 0.06545153272576636, "recall": 0.06545153272576636, "f1": 0.06545153272576636, "accuracy": 0.06545153272576636, "name": "dailydialog_vs_emotion-cause_single", "joy_precision": 0.6666666666666666, "joy_recall": 0.025052192066805846, "joy_accuracy": 0.804059652029826, "joy_f1": 0.0482897384305835, "joy_tp": 12, "joy_tn": 1929, "joy_fp": 6, "joy_fn": 467, "sadness_precision": NaN, "sadness_recall": 0.0, "sadness_accuracy": 0.7618061309030655, "sadness_f1": NaN, "sadness_tp": 0, "sadness_tn": 1839, "sadness_fp": 0, "sadness_fn": 575, "surprise_precision": 0.0, "surprise_recall": 0.0, "surprise_accuracy": 0.9109362054681027, "surprise_f1": NaN, "surprise_tp": 0, "surprise_tn": 2199, "surprise_fp": 2, "surprise_fn": 213, "disgust_precision": NaN, "disgust_recall": 0.0, "disgust_accuracy": 0.9606462303231151, "disgust_f1": NaN, "disgust_tp": 0, "disgust_tn": 2319, "disgust_fp": 0, "disgust_fn": 95, "anger_precision": 0.5, "anger_recall": 0.002070393374741201, "anger_accuracy": 0.799917149958575, "anger_f1": 0.004123711340206186, "anger_tp": 1, "anger_tn": 1930, "anger_fp": 1, "anger_fn": 482, "fear_precision": NaN, "fear_recall": 0.0, "fear_accuracy": 0.8247721623860812, "fear_f1": NaN, "fear_tp": 0, "fear_tn": 1991, "fear_fp": 0, "fear_fn": 423, "noemo_precision": 0.06061872909698997, "noemo_recall": 0.9931506849315068, "noemo_accuracy": 0.0687655343827672, "noemo_f1": 0.11426319936958236, "noemo_tp": 145, "noemo_tn": 21, "noemo_fp": 2247, "noemo_fn": 1}
