{"precision": 0.017459870459025625, "recall": 0.017459870459025625, "f1": 0.017459870459025625, "accuracy": 0.017459870459025625, "name": "dailydialog_vs_emoint_single", "anger_precision": 0.5, "anger_recall": 0.001763668430335097, "anger_accuracy": 0.7604900028161081, "anger_f1": 0.00351493848857645, "anger_tp": 3, "anger_tn": 5398, "anger_fp": 3, "anger_fn": 1698, "fear_precision": NaN, "fear_recall": 0.0, "fear_accuracy": 0.6829062235989862, "fear_f1": NaN, "fear_tp": 0, "fear_tn": 4850, "fear_fp": 0, "fear_fn": 2252, "joy_precision": 0.5401785714285714, "joy_recall": 0.07487623762376237, "joy_accuracy": 0.7749929597296537, "joy_f1": 0.13152173913043477, "joy_tp": 121, "joy_tn": 5383, "joy_fp": 103, "joy_fn": 1495, "sadness_precision": 0.0, "sadness_recall": 0.0, "sadness_accuracy": 0.7838637003660941, "sadness_f1": NaN, "sadness_tp": 0, "sadness_tn": 5567, "sadness_fp": 2, "sadness_fn": 1533}
