{"precision": 0.6365852007311624, "recall": 0.6365852007311624, "f1": 0.6365852007311624, "accuracy": 0.6365852007311624, "name": "dailydialog_vs_tales-emotion_single", "noemo_precision": 0.6391178895300906, "noemo_recall": 0.9902075572112826, "noemo_accuracy": 0.6381423058696094, "noemo_f1": 0.7768360402488413, "noemo_tp": 9303, "noemo_tn": 123, "noemo_fp": 5253, "noemo_fn": 92, "fear_precision": NaN, "fear_recall": 0.0, "fear_accuracy": 0.951797440931555, "fear_f1": NaN, "fear_tp": 0, "fear_tn": 14059, "fear_fp": 0, "fear_fn": 712, "disgust_precision": 0.0, "disgust_recall": 0.0, "disgust_accuracy": 0.9742739151039198, "disgust_f1": NaN, "disgust_tp": 0, "disgust_tn": 14391, "disgust_fp": 2, "disgust_fn": 378, "sadness_precision": NaN, "sadness_recall": 0.0, "sadness_accuracy": 0.937648094238711, "sadness_f1": NaN, "sadness_tp": 0, "sadness_tn": 13850, "sadness_fp": 0, "sadness_fn": 921, "anger_precision": 1.0, "anger_recall": 0.001366120218579235, "anger_accuracy": 0.950511136686751, "anger_f1": 0.002728512960436562, "anger_tp": 1, "anger_tn": 14039, "anger_fp": 0, "anger_fn": 731, "joy_precision": 0.47317073170731705, "joy_recall": 0.05309250136836344, "joy_accuracy": 0.8755669893710649, "joy_f1": 0.0954724409448819, "joy_tp": 97, "joy_tn": 12836, "joy_fp": 108, "joy_fn": 1730, "surprise_precision": 0.2857142857142857, "surprise_recall": 0.0024813895781637717, "surprise_accuracy": 0.9452305192607136, "surprise_f1": 0.004920049200492005, "surprise_tp": 2, "surprise_tn": 13960, "surprise_fp": 5, "surprise_fn": 804}
