{"precision": 0.8545699701435038, "recall": 0.8545699701435038, "f1": 0.8545699701435038, "accuracy": 0.8545699701435038, "name": "dailydialog_vs_dailydialog_single", "disgust_precision": 0.4, "disgust_recall": 0.15584415584415584, "disgust_accuracy": 0.9960030819608976, "disgust_f1": 0.22429906542056077, "disgust_tp": 12, "disgust_tn": 20671, "disgust_fp": 18, "disgust_fn": 65, "joy_precision": 0.6292495189223861, "joy_recall": 0.3857648446716477, "joy_accuracy": 0.896946932485794, "joy_f1": 0.4783032666991711, "joy_tp": 981, "joy_tn": 17645, "joy_fp": 578, "joy_fn": 1562, "anger_precision": 0.4567901234567901, "anger_recall": 0.17452830188679244, "anger_accuracy": 0.9894539150534527, "anger_f1": 0.2525597269624573, "anger_tp": 37, "anger_tn": 20510, "anger_fp": 44, "anger_fn": 175, "noemo_precision": 0.8796217594560136, "noemo_recall": 0.9588834839008571, "noemo_accuracy": 0.8566888182606183, "noemo_f1": 0.9175440540840075, "noemo_tp": 16558, "noemo_tn": 1232, "noemo_fp": 2266, "noemo_fn": 710, "surprise_precision": 0.654054054054054, "surprise_recall": 0.30632911392405066, "surprise_accuracy": 0.9837233940094385, "surprise_f1": 0.41724137931034483, "surprise_tp": 121, "surprise_tn": 20307, "surprise_fp": 64, "surprise_fn": 274, "sadness_precision": 0.410958904109589, "sadness_recall": 0.12605042016806722, "sadness_accuracy": 0.9879129346046422, "sadness_f1": 0.19292604501607716, "sadness_tp": 30, "sadness_tn": 20485, "sadness_fp": 43, "sadness_fn": 208, "fear_precision": 0.5, "fear_recall": 0.21212121212121213, "fear_accuracy": 0.9984108639121642, "fear_f1": 0.2978723404255319, "fear_tp": 7, "fear_tn": 20726, "fear_fp": 7, "fear_fn": 26}
