{"precision": 0.9507042253521126, "recall": 0.01059322033898305, "f1": 0.020952972217910912, "accuracy": 0.0571076417419885, "name": "dailydialog_vs_ssec_multi", "anger_precision": 1.0, "anger_recall": 0.0010337698139214334, "anger_accuracy": 0.4044782251437962, "anger_f1": 0.0020654044750430295, "anger_tp": 3, "anger_tn": 1966, "anger_fp": 0, "anger_fn": 2899, "joy_precision": 0.9769230769230769, "joy_recall": 0.06144170295113691, "joy_accuracy": 0.6008627773212818, "joy_f1": 0.11561219845243516, "joy_tp": 127, "joy_tn": 2798, "joy_fp": 3, "joy_fn": 1940, "surprise_precision": 0.5555555555555556, "surprise_recall": 0.004512635379061372, "surprise_accuracy": 0.7725965488907148, "surprise_f1": 0.008952551477170995, "surprise_tp": 5, "surprise_tn": 3756, "surprise_fp": 4, "surprise_fn": 1103, "disgust_precision": NaN, "disgust_recall": 0.0, "disgust_accuracy": 0.5515612161051766, "disgust_f1": NaN, "disgust_tp": 0, "disgust_tn": 2685, "disgust_fp": 0, "disgust_fn": 2183, "sadness_precision": NaN, "sadness_recall": 0.0, "sadness_accuracy": 0.456861133935908, "sadness_f1": NaN, "sadness_tp": 0, "sadness_tn": 2224, "sadness_fp": 0, "sadness_fn": 2644, "fear_precision": NaN, "fear_recall": 0.0, "fear_accuracy": 0.6220213640098603, "fear_f1": NaN, "fear_tp": 0, "fear_tn": 3028, "fear_fp": 0, "fear_fn": 1840}
