{"precision": 0.3291897332662305, "recall": 0.3291897332662305, "f1": 0.3291897332662305, "accuracy": 0.3291897332662305, "name": "dailydialog_vs_crowdflower_single", "noemo_precision": 0.32365739465711924, "noemo_recall": 0.890978013646702, "noemo_accuracy": 0.3458480120785103, "noemo_f1": 0.4748282828282828, "noemo_tp": 11752, "noemo_tn": 1992, "noemo_fp": 24558, "noemo_fn": 1438, "sadness_precision": 0.14285714285714285, "sadness_recall": 0.00019519812609798947, "sadness_accuracy": 0.8709612481127328, "sadness_f1": 0.0003898635477582846, "sadness_tp": 1, "sadness_tn": 34611, "sadness_fp": 6, "sadness_fn": 5122, "joy_precision": 0.40356361362925913, "joy_recall": 0.14002169197396963, "joy_accuracy": 0.7524660291897333, "joy_f1": 0.20790723890812468, "joy_tp": 1291, "joy_tn": 28612, "joy_fp": 1908, "joy_fn": 7929, "fear_precision": 1.0, "fear_recall": 0.00047449584816132857, "fear_accuracy": 0.7879718168092602, "fear_f1": 0.0009485416172634575, "fear_tp": 4, "fear_tn": 31310, "fear_fp": 0, "fear_fn": 8426, "surprise_precision": 0.171875, "surprise_recall": 0.010105649977032614, "surprise_accuracy": 0.9431051836940111, "surprise_f1": 0.01908893709327549, "surprise_tp": 22, "surprise_tn": 37457, "surprise_fp": 106, "surprise_fn": 2155, "anger_precision": 0.19672131147540983, "anger_recall": 0.00844475721323012, "anger_accuracy": 0.9633115249119275, "anger_f1": 0.016194331983805668, "anger_tp": 12, "anger_tn": 38270, "anger_fp": 49, "anger_fn": 1409, "disgust_precision": 0.0, "disgust_recall": 0.0, "disgust_accuracy": 0.9947156517362858, "disgust_f1": NaN, "disgust_tp": 0, "disgust_tn": 39530, "disgust_fp": 31, "disgust_fn": 179}
