{"precision": 0.2885468301591443, "recall": 0.2885468301591443, "f1": 0.2885468301591443, "accuracy": 0.2885468301591443, "name": "dailydialog_vs_isear_single", "joy_precision": 0.7333333333333333, "joy_recall": 0.02010968921389397, "joy_accuracy": 0.8591181841899296, "joy_f1": 0.039145907473309614, "joy_tp": 22, "joy_tn": 6564, "joy_fp": 8, "joy_fn": 1072, "fear_precision": NaN, "fear_recall": 0.0, "fear_accuracy": 0.8571614923036786, "fear_f1": NaN, "fear_tp": 0, "fear_tn": 6571, "fear_fp": 0, "fear_fn": 1095, "anger_precision": NaN, "anger_recall": 0.0, "anger_accuracy": 0.8570310461779285, "anger_f1": NaN, "anger_tp": 0, "anger_tn": 6570, "anger_fp": 0, "anger_fn": 1096, "sadness_precision": 1.0, "sadness_recall": 0.0036496350364963502, "sadness_accuracy": 0.8575528306809288, "sadness_f1": 0.007272727272727273, "sadness_tp": 4, "sadness_tn": 6570, "sadness_fp": 0, "sadness_fn": 1092, "disgust_precision": NaN, "disgust_recall": 0.0, "disgust_accuracy": 0.8570310461779285, "disgust_f1": NaN, "disgust_tp": 0, "disgust_tn": 6570, "disgust_fp": 0, "disgust_fn": 1096, "noemo_precision": 0.2864255765199161, "noemo_recall": 0.9986295111923252, "noemo_accuracy": 0.2891990607878946, "noemo_f1": 0.44516851644435396, "noemo_tp": 2186, "noemo_tn": 31, "noemo_fp": 5446, "noemo_fn": 3}
