{"precision": 0.434939216569113, "recall": 0.10218978102189781, "f1": 0.1654959739592256, "accuracy": 0.04560394412489729, "name": "emoint_vs_ssec_multi", "anger_precision": 0.8979591836734694, "anger_recall": 0.042573778422835024, "anger_accuracy": 0.5914133114215283, "anger_f1": 0.0812933025404157, "anger_tp": 88, "anger_tn": 2791, "anger_fp": 10, "anger_fn": 1979, "joy_precision": 0.8541666666666666, "joy_recall": 0.015506807866868382, "joy_accuracy": 0.4638455217748562, "joy_f1": 0.030460624071322436, "joy_tp": 41, "joy_tn": 2217, "joy_fp": 7, "joy_fn": 2603, "fear_precision": 0.8181818181818182, "fear_recall": 0.015506547208821502, "fear_accuracy": 0.4110517666392769, "fear_f1": 0.03043625295908015, "fear_tp": 45, "fear_tn": 1956, "fear_fp": 10, "fear_fn": 2857, "sadness_precision": 0.3920792079207921, "sadness_recall": 0.43043478260869567, "sadness_accuracy": 0.5324568611339359, "sadness_f1": 0.41036269430051814, "sadness_tp": 792, "sadness_tn": 1800, "sadness_fp": 1228, "sadness_fn": 1048}
