{"precision": 0.20526340791411335, "recall": 0.20526340791411335, "f1": 0.20526340791411332, "accuracy": 0.20526340791411335, "name": "emoint_vs_tec_single", "fear_precision": NaN, "fear_recall": 0.0, "fear_accuracy": 0.7808655170775735, "fear_f1": NaN, "fear_tp": 0, "fear_tn": 16438, "fear_fp": 0, "fear_fn": 4613, "noemo_precision": 0.4261275272161742, "noemo_recall": 0.07154046997389034, "noemo_accuracy": 0.813548049973873, "noemo_f1": 0.12251285490722111, "noemo_tp": 274, "noemo_tn": 16852, "noemo_fp": 369, "noemo_fn": 3556, "joy_precision": 0.597215777262181, "joy_recall": 0.15624620614301324, "joy_accuracy": 0.6286162177568761, "joy_f1": 0.2476905311778291, "joy_tp": 1287, "joy_tn": 11946, "joy_fp": 868, "joy_fn": 6950, "sadness_precision": 0.14559695905085526, "sadness_recall": 0.8977272727272727, "sadness_accuracy": 0.28160182414137097, "sadness_f1": 0.2505575102829674, "sadness_tp": 2528, "sadness_tn": 3400, "sadness_fp": 14835, "sadness_fn": 288, "anger_precision": 0.2606741573033708, "anger_recall": 0.14919614147909968, "anger_accuracy": 0.9058952068785331, "anger_f1": 0.18977505112474438, "anger_tp": 232, "anger_tn": 18838, "anger_fp": 658, "anger_fn": 1323}
