{"precision": 0.8517745302713987, "recall": 0.8517745302713987, "f1": 0.8517745302713988, "accuracy": 0.8517745302713987, "name": "emoint_vs_emoint_single", "anger_precision": 0.9261744966442953, "anger_recall": 0.8070175438596491, "anger_accuracy": 0.9387613082811412, "anger_f1": 0.8624999999999999, "anger_tp": 276, "anger_tn": 1073, "anger_fp": 22, "anger_fn": 66, "fear_precision": 0.775, "fear_recall": 0.921443736730361, "fear_accuracy": 0.8865692414752957, "fear_f1": 0.8419010669253152, "fear_tp": 434, "fear_tn": 840, "fear_fp": 126, "fear_fn": 37, "joy_precision": 0.944078947368421, "joy_recall": 0.9169329073482428, "joy_accuracy": 0.9700765483646486, "joy_f1": 0.9303079416531604, "joy_tp": 287, "joy_tn": 1107, "joy_fp": 17, "joy_fn": 26, "sadness_precision": 0.8254545454545454, "sadness_recall": 0.729903536977492, "sadness_accuracy": 0.9081419624217119, "sadness_f1": 0.7747440273037542, "sadness_tp": 227, "sadness_tn": 1078, "sadness_fp": 48, "sadness_fn": 84}
