{"precision": 0.07040618955512573, "recall": 0.07040618955512573, "f1": 0.07040618955512573, "accuracy": 0.07040618955512573, "name": "emoint_vs_grounded_emotions_single", "sadness_precision": 0.3764705882352941, "sadness_recall": 0.03033175355450237, "sadness_accuracy": 0.583752417794971, "sadness_f1": 0.05614035087719299, "sadness_tp": 32, "sadness_tn": 1477, "sadness_fp": 53, "sadness_fn": 1023, "joy_precision": 0.6666666666666666, "joy_recall": 0.09803921568627451, "joy_accuracy": 0.437137330754352, "joy_f1": 0.17094017094017092, "joy_tp": 150, "joy_tn": 980, "joy_fp": 75, "joy_fn": 1380}
