{"precision": 0.014109672845920043, "recall": 0.014109672845920043, "f1": 0.014109672845920043, "accuracy": 0.014109672845920043, "name": "emoint_vs_dailydialog_single", "fear_precision": NaN, "fear_recall": 0.0, "fear_accuracy": 0.1479039415803222, "fear_f1": NaN, "fear_tp": 0, "fear_tn": 15231, "fear_fp": 0, "fear_fn": 87748, "joy_precision": 0.32461161079313167, "joy_recall": 0.09243306169965075, "joy_accuracy": 0.862379708484254, "joy_f1": 0.14389271475172163, "joy_tp": 1191, "joy_tn": 87616, "joy_fp": 2478, "joy_fn": 11694, "anger_precision": 0.032993401319736056, "anger_recall": 0.053816046966731895, "anger_accuracy": 0.9749560590023209, "anger_f1": 0.040907400520639646, "anger_tp": 55, "anger_tn": 100345, "anger_fp": 1612, "anger_fn": 967, "noemo_precision": 0.02820796460176991, "noemo_recall": 0.04434782608695652, "noemo_accuracy": 0.9722661901941172, "noemo_f1": 0.034482758620689655, "noemo_tp": 51, "noemo_tn": 100072, "noemo_fp": 1757, "noemo_fn": 1099, "sadness_precision": 0.0016277977774299577, "sadness_recall": 0.896551724137931, "sadness_accuracy": 0.07071344643082571, "sadness_f1": 0.0032496953410617755, "sadness_tp": 156, "sadness_tn": 7126, "sadness_fp": 95679, "sadness_fn": 18}
