{"precision": 0.35501242750621376, "recall": 0.35501242750621376, "f1": 0.35501242750621376, "accuracy": 0.35501242750621376, "name": "emoint_vs_emotion-cause_single", "joy_precision": 0.6901408450704225, "joy_recall": 0.3068893528183716, "joy_accuracy": 0.8351284175642087, "joy_f1": 0.42485549132947975, "joy_tp": 147, "joy_tn": 1869, "joy_fp": 66, "joy_fn": 332, "noemo_precision": 0.7666666666666667, "noemo_recall": 0.24, "noemo_accuracy": 0.8015741507870754, "noemo_f1": 0.3655629139072847, "noemo_tp": 138, "noemo_tn": 1797, "noemo_fp": 42, "noemo_fn": 437, "fear_precision": NaN, "fear_recall": 0.0, "fear_accuracy": 0.8119304059652029, "fear_f1": NaN, "fear_tp": 0, "fear_tn": 1960, "fear_fp": 0, "fear_fn": 454, "anger_precision": 0.6865671641791045, "anger_recall": 0.38095238095238093, "anger_accuracy": 0.8413421706710853, "anger_f1": 0.49001331557922767, "anger_tp": 184, "anger_tn": 1847, "anger_fp": 84, "anger_fn": 299, "sadness_precision": 0.22133485453508273, "sadness_recall": 0.91725768321513, "sadness_accuracy": 0.420049710024855, "sadness_f1": 0.3566176470588235, "sadness_tp": 388, "sadness_tn": 626, "sadness_fp": 1365, "sadness_fn": 35}
