{"precision": 0.44801512287334594, "recall": 0.21743119266055047, "f1": 0.29277331686226066, "accuracy": 0.0368, "name": "emoint_vs_affectivetext_multi", "anger_precision": 0.75, "anger_recall": 0.014539579967689823, "anger_accuracy": 0.5096, "anger_f1": 0.028526148969889066, "anger_tp": 9, "anger_tn": 628, "anger_fp": 3, "anger_fn": 610, "joy_precision": 0.6666666666666666, "joy_recall": 0.009230769230769232, "joy_accuracy": 0.4824, "joy_f1": 0.018209408194233688, "joy_tp": 6, "joy_tn": 597, "joy_fp": 3, "joy_fn": 644, "fear_precision": 0.5, "fear_recall": 0.0053475935828877, "fear_accuracy": 0.7008, "fear_f1": 0.010582010582010581, "fear_tp": 2, "fear_tn": 874, "fear_fp": 2, "fear_fn": 372, "sadness_precision": 0.44240077444336884, "sadness_recall": 0.851024208566108, "sadness_accuracy": 0.4752, "sadness_f1": 0.5821656050955415, "sadness_tp": 457, "sadness_tn": 137, "sadness_fp": 576, "sadness_fn": 80}
