{"precision": 0.08036016518854512, "recall": 0.08036016518854512, "f1": 0.08036016518854512, "accuracy": 0.08036016518854512, "name": "emoint_vs_tales-emotion_single", "fear_precision": NaN, "fear_recall": 0.0, "fear_accuracy": 0.2837993365378106, "fear_f1": NaN, "fear_tp": 0, "fear_tn": 4192, "fear_fp": 0, "fear_fn": 10579, "sadness_precision": 0.04850591838423972, "sadness_recall": 0.8230337078651685, "sadness_accuracy": 0.21325570374382236, "sadness_f1": 0.09161260064097554, "sadness_tp": 586, "sadness_tn": 2564, "sadness_fp": 11495, "sadness_fn": 126, "noemo_precision": 0.17709923664122137, "noemo_recall": 0.1259500542888165, "noemo_accuracy": 0.9090108997359692, "noemo_f1": 0.14720812182741116, "noemo_tp": 116, "noemo_tn": 13311, "noemo_fp": 539, "noemo_fn": 805, "anger_precision": 0.13701923076923078, "anger_recall": 0.1557377049180328, "anger_accuracy": 0.9095525015232551, "anger_f1": 0.14578005115089515, "anger_tp": 114, "anger_tn": 13321, "anger_fp": 718, "anger_fn": 618, "joy_precision": 0.3083956774729842, "joy_recall": 0.20306513409961685, "joy_accuracy": 0.8451018888362332, "joy_f1": 0.24488448844884486, "joy_tp": 371, "joy_tn": 12112, "joy_fp": 832, "joy_fn": 1456}
