{"precision": 0.2148447691103574, "recall": 0.2148447691103574, "f1": 0.2148447691103574, "accuracy": 0.2148447691103574, "name": "emoint_vs_isear_single", "joy_precision": 0.5396825396825397, "joy_recall": 0.15539305301645337, "joy_accuracy": 0.8605530915731803, "joy_f1": 0.24130589070262598, "joy_tp": 170, "joy_tn": 6427, "joy_fp": 145, "joy_fn": 924, "sadness_precision": 0.1516274572993877, "sadness_recall": 0.8593607305936073, "sadness_accuracy": 0.29311244456039653, "sadness_f1": 0.2577729078208465, "sadness_tp": 941, "sadness_tn": 1306, "sadness_fp": 5265, "sadness_fn": 154, "anger_precision": 0.5008547008547009, "anger_recall": 0.26733576642335766, "anger_accuracy": 0.8571614923036786, "anger_f1": 0.34860202260559187, "anger_tp": 293, "anger_tn": 6278, "anger_fp": 292, "anger_fn": 803, "noemo_precision": 0.43392857142857144, "noemo_recall": 0.22171532846715328, "noemo_accuracy": 0.8473780328724236, "noemo_f1": 0.29347826086956524, "noemo_tp": 243, "noemo_tn": 6253, "noemo_fp": 317, "noemo_fn": 853, "fear_precision": NaN, "fear_recall": 0.0, "fear_accuracy": 0.5714844769110358, "fear_f1": NaN, "fear_tp": 0, "fear_tn": 4381, "fear_fp": 0, "fear_fn": 3285}
