{"precision": 0.2301711122294917, "recall": 0.2301711122294917, "f1": 0.2301711122294917, "accuracy": 0.2301711122294917, "name": "emoint_vs_crowdflower_single", "fear_precision": NaN, "fear_recall": 0.0, "fear_accuracy": 0.6088072471061903, "fear_f1": NaN, "fear_tp": 0, "fear_tn": 24194, "fear_fp": 0, "fear_fn": 15546, "noemo_precision": 0.35714285714285715, "noemo_recall": 0.111262931875854, "noemo_accuracy": 0.8596124811273276, "noemo_f1": 0.16966810537282334, "noemo_tp": 570, "noemo_tn": 33591, "noemo_fp": 1026, "noemo_fn": 4553, "joy_precision": 0.3136748120300752, "joy_recall": 0.1447939262472885, "joy_accuracy": 0.7280825364871666, "joy_f1": 0.19813000890471952, "joy_tp": 1335, "joy_tn": 27599, "joy_fp": 2921, "joy_fn": 7885, "sadness_precision": 0.22047922241702808, "sadness_recall": 0.8502965599051008, "sadness_accuracy": 0.3305234021137393, "sadness_f1": 0.35016242886104393, "sadness_tp": 7168, "sadness_tn": 5967, "sadness_fp": 25343, "sadness_fn": 1262, "anger_precision": 0.05374001452432825, "anger_recall": 0.05207600281491907, "anger_accuracy": 0.9333165576245597, "anger_f1": 0.05289492494639028, "anger_tp": 74, "anger_tn": 37016, "anger_fp": 1303, "anger_fn": 1347}
