{"precision": 0.19799534463920954, "recall": 0.19799534463920954, "f1": 0.19799534463920954, "accuracy": 0.19799534463920954, "name": "emotion-cause_vs_tec_single", "surprise_precision": 0.6, "surprise_recall": 0.000779423226812159, "surprise_accuracy": 0.8172058334520925, "surprise_f1": 0.001556824078879087, "surprise_tp": 3, "surprise_tn": 17200, "surprise_fp": 2, "surprise_fn": 3846, "sadness_precision": 0.18285751194936053, "sadness_recall": 0.7391644908616188, "sadness_accuracy": 0.3515747470428958, "sadness_f1": 0.29318558409279205, "sadness_tp": 2831, "sadness_tn": 4570, "sadness_fp": 12651, "sadness_fn": 999, "joy_precision": 0.4731182795698925, "joy_recall": 0.1014932621099915, "joy_accuracy": 0.6041993254477221, "joy_f1": 0.16713314674130345, "joy_tp": 836, "joy_tn": 11883, "joy_fp": 931, "joy_fn": 7401, "disgust_precision": 0.125, "disgust_recall": 0.001314060446780552, "disgust_accuracy": 0.9635646762624104, "disgust_f1": 0.0026007802340702207, "disgust_tp": 1, "disgust_tn": 20283, "disgust_fp": 7, "disgust_fn": 760, "fear_precision": 0.18087318087318088, "fear_recall": 0.030894886363636364, "fear_accuracy": 0.8516460025651988, "fear_f1": 0.05277525022747953, "fear_tp": 87, "fear_tn": 17841, "fear_fp": 394, "fear_fn": 2729, "anger_precision": 0.12469586374695864, "anger_recall": 0.26366559485530544, "anger_accuracy": 0.8088926891834117, "anger_f1": 0.16931653933512286, "anger_tp": 410, "anger_tn": 16618, "anger_fp": 2878, "anger_fn": 1145, "noemo_precision": 0.0, "noemo_recall": 0.0, "noemo_accuracy": 0.9989074153246876, "noemo_f1": NaN, "noemo_tp": 0, "noemo_tn": 21028, "noemo_fp": 20, "noemo_fn": 3}
