{"precision": 0.026228648559415025, "recall": 0.026228648559415025, "f1": 0.026228648559415025, "accuracy": 0.026228648559415025, "name": "emotion-cause_vs_dailydialog_single", "disgust_precision": 0.1935483870967742, "disgust_recall": 0.0169971671388102, "disgust_accuracy": 0.9963876130084774, "disgust_f1": 0.03125000000000001, "disgust_tp": 6, "disgust_tn": 102601, "disgust_fp": 25, "disgust_fn": 347, "noemo_precision": 0.7142857142857143, "noemo_recall": 0.00023372131070911045, "noemo_accuracy": 0.169150991949815, "noemo_f1": 0.0004672897196261682, "noemo_tp": 20, "noemo_tn": 17399, "noemo_fp": 8, "noemo_fn": 85552, "joy_precision": 0.16560762509928514, "joy_recall": 0.12945285215366706, "joy_accuracy": 0.8094660076326241, "joy_f1": 0.14531515441913143, "joy_tp": 1668, "joy_tn": 81690, "joy_fp": 8404, "joy_fn": 11217, "anger_precision": 0.01314152831107025, "anger_recall": 0.23776908023483365, "anger_accuracy": 0.8152341739577972, "anger_f1": 0.02490647260800492, "anger_tp": 243, "anger_tn": 83709, "anger_fp": 18248, "anger_fn": 779, "surprise_precision": 0.0, "surprise_recall": 0.0, "surprise_accuracy": 0.9821711222676468, "surprise_f1": NaN, "surprise_tp": 0, "surprise_tn": 101143, "surprise_fp": 13, "surprise_fn": 1823, "sadness_precision": 0.010476217297023289, "sadness_recall": 0.6469565217391304, "sadness_accuracy": 0.31364647161071674, "sadness_f1": 0.020618556701030927, "sadness_tp": 744, "sadness_tn": 31555, "sadness_fp": 70274, "sadness_fn": 406, "fear_precision": 0.006013229104028864, "fear_recall": 0.11494252873563218, "fear_accuracy": 0.9664009166917527, "fear_f1": 0.011428571428571429, "fear_tp": 20, "fear_tn": 99499, "fear_fp": 3306, "fear_fn": 154}
