{"precision": 0.24315157839812157, "recall": 0.24315157839812157, "f1": 0.24315157839812157, "accuracy": 0.24315157839812157, "name": "emotion-cause_vs_isear_single", "joy_precision": 0.37037037037037035, "joy_recall": 0.14625228519195613, "joy_accuracy": 0.8426819723454213, "joy_f1": 0.20969855832241155, "joy_tp": 160, "joy_tn": 6300, "joy_fp": 272, "joy_fn": 934, "fear_precision": 0.4, "fear_recall": 0.09680365296803653, "fear_accuracy": 0.8502478476389251, "fear_f1": 0.1558823529411765, "fear_tp": 106, "fear_tn": 6412, "fear_fp": 159, "fear_fn": 989, "anger_precision": 0.2685337726523888, "anger_recall": 0.44616788321167883, "anger_accuracy": 0.7470649621706236, "anger_f1": 0.33527596846074736, "anger_tp": 489, "anger_tn": 5238, "anger_fp": 1332, "anger_fn": 607, "sadness_precision": 0.18105046343975284, "sadness_recall": 0.802007299270073, "sadness_accuracy": 0.4530393947299765, "sadness_f1": 0.2954125357082843, "sadness_tp": 879, "sadness_tn": 2594, "sadness_fp": 3976, "sadness_fn": 217, "disgust_precision": 0.0, "disgust_recall": 0.0, "disgust_accuracy": 0.8563788155491782, "disgust_f1": NaN, "disgust_tp": 0, "disgust_tn": 6565, "disgust_fp": 5, "disgust_fn": 1096, "noemo_precision": 0.7986111111111112, "noemo_recall": 0.10507080858839653, "noemo_accuracy": 0.7368901643621184, "noemo_f1": 0.18570851836899474, "noemo_tp": 230, "noemo_tn": 5419, "noemo_fp": 58, "noemo_fn": 1959}
