{"precision": 0.06344294003868473, "recall": 0.06344294003868473, "f1": 0.06344294003868473, "accuracy": 0.06344294003868473, "name": "emotion-cause_vs_grounded_emotions_single", "sadness_precision": 0.4, "sadness_recall": 0.024644549763033177, "sadness_accuracy": 0.5868471953578337, "sadness_f1": 0.04642857142857143, "sadness_tp": 26, "sadness_tn": 1491, "sadness_fp": 39, "sadness_fn": 1029, "joy_precision": 0.6764705882352942, "joy_recall": 0.09019607843137255, "joy_accuracy": 0.43597678916827853, "joy_f1": 0.15916955017301038, "joy_tp": 138, "joy_tn": 989, "joy_fp": 66, "joy_fn": 1392}
