{"precision": 0.08834879155101212, "recall": 0.08834879155101212, "f1": 0.08834879155101212, "accuracy": 0.08834879155101212, "name": "emotion-cause_vs_tales-emotion_single", "noemo_precision": 0.0, "noemo_recall": 0.0, "noemo_accuracy": 0.3636178999390698, "noemo_f1": NaN, "noemo_tp": 0, "noemo_tn": 5371, "noemo_fp": 5, "noemo_fn": 9395, "fear_precision": 0.2178649237472767, "fear_recall": 0.1404494382022472, "fear_accuracy": 0.9342630830681741, "fear_f1": 0.1707941929974381, "fear_tp": 100, "fear_tn": 13700, "fear_fp": 359, "fear_fn": 612, "disgust_precision": 0.0, "disgust_recall": 0.0, "disgust_accuracy": 0.9739354139868661, "disgust_f1": NaN, "disgust_tp": 0, "disgust_tn": 14386, "disgust_fp": 7, "disgust_fn": 378, "sadness_precision": 0.06547343039970324, "sadness_recall": 0.7665580890336591, "sadness_accuracy": 0.3032293006566922, "sadness_f1": 0.1206425153793575, "sadness_tp": 706, "sadness_tn": 3773, "sadness_fp": 10077, "sadness_fn": 215, "anger_precision": 0.07969563476171405, "anger_recall": 0.2718579234972678, "anger_accuracy": 0.8083406675242029, "anger_f1": 0.1232579746051409, "anger_tp": 199, "anger_tn": 11741, "anger_fp": 2298, "anger_fn": 533, "joy_precision": 0.28252032520325204, "joy_recall": 0.15216201423097975, "joy_accuracy": 0.8473359962087875, "joy_f1": 0.19779437922447526, "joy_tp": 278, "joy_tn": 12238, "joy_fp": 706, "joy_fn": 1549, "surprise_precision": 0.6111111111111112, "surprise_recall": 0.02729528535980149, "surprise_accuracy": 0.9459752217182317, "surprise_f1": 0.05225653206650831, "surprise_tp": 22, "surprise_tn": 13951, "surprise_fp": 14, "surprise_fn": 784}
