{"precision": 0.9260869565217391, "recall": 0.9260869565217391, "f1": 0.9260869565217392, "accuracy": 0.9260869565217391, "name": "emotion-cause_vs_emotion-cause_single", "joy_precision": 0.9166666666666666, "joy_recall": 0.9263157894736842, "joy_accuracy": 0.967391304347826, "joy_f1": 0.9214659685863874, "joy_tp": 88, "joy_tn": 357, "joy_fp": 8, "joy_fn": 7, "sadness_precision": 0.8636363636363636, "sadness_recall": 0.9595959595959596, "sadness_accuracy": 0.9586956521739131, "sadness_f1": 0.9090909090909092, "sadness_tp": 95, "sadness_tn": 346, "sadness_fp": 15, "sadness_fn": 4, "surprise_precision": 1.0, "surprise_recall": 0.8648648648648649, "surprise_accuracy": 0.9891304347826086, "surprise_f1": 0.927536231884058, "surprise_tp": 32, "surprise_tn": 423, "surprise_fp": 0, "surprise_fn": 5, "disgust_precision": 1.0, "disgust_recall": 0.9473684210526315, "disgust_accuracy": 0.9978260869565218, "disgust_f1": 0.972972972972973, "disgust_tp": 18, "disgust_tn": 441, "disgust_fp": 0, "disgust_fn": 1, "anger_precision": 0.9238095238095239, "anger_recall": 0.9065420560747663, "anger_accuracy": 0.9608695652173913, "anger_f1": 0.9150943396226416, "anger_tp": 97, "anger_tn": 345, "anger_fp": 8, "anger_fn": 10, "fear_precision": 0.9565217391304348, "fear_recall": 0.9166666666666666, "fear_accuracy": 0.9804347826086957, "fear_f1": 0.9361702127659574, "fear_tp": 66, "fear_tn": 385, "fear_fp": 3, "fear_fn": 6, "noemo_precision": 1.0, "noemo_recall": 0.967741935483871, "noemo_accuracy": 0.9978260869565218, "noemo_f1": 0.9836065573770492, "noemo_tp": 30, "noemo_tn": 429, "noemo_fp": 0, "noemo_fn": 1}
