{"precision": 0.14386009058882737, "recall": 0.14386009058882737, "f1": 0.14386009058882737, "accuracy": 0.14386009058882737, "name": "emotion-cause_vs_crowdflower_single", "noemo_precision": 0.16666666666666666, "noemo_recall": 0.0002274450341167551, "noemo_accuracy": 0.6677906391545043, "noemo_f1": 0.00045427013930950935, "noemo_tp": 3, "noemo_tn": 26535, "noemo_fp": 15, "noemo_fn": 13187, "sadness_precision": 0.13340063455436976, "sadness_recall": 0.722233066562561, "sadness_accuracy": 0.35936084549572217, "sadness_f1": 0.22520466234517175, "sadness_tp": 3700, "sadness_tn": 10581, "sadness_fp": 24036, "sadness_fn": 1423, "joy_precision": 0.29708887603624445, "joy_recall": 0.16713665943600867, "joy_accuracy": 0.7150226472068445, "joy_f1": 0.21392378704796278, "joy_tp": 1541, "joy_tn": 26874, "joy_fp": 3646, "joy_fn": 7679, "fear_precision": 0.3205317577548006, "fear_recall": 0.025741399762752075, "fear_accuracy": 0.781756416708606, "fear_f1": 0.04765564950038432, "fear_tp": 217, "fear_tn": 30850, "fear_fp": 460, "fear_fn": 8213, "surprise_precision": 0.05555555555555555, "surprise_recall": 0.00045934772622875517, "surprise_accuracy": 0.9448163059889281, "surprise_f1": 0.0009111617312072893, "surprise_tp": 1, "surprise_tn": 37546, "surprise_fp": 17, "surprise_fn": 2176, "anger_precision": 0.04187192118226601, "anger_recall": 0.17945109078114005, "anger_accuracy": 0.8238298943130348, "anger_f1": 0.06790041272799893, "anger_tp": 255, "anger_tn": 32484, "anger_fp": 5835, "anger_fn": 1166, "disgust_precision": 0.0, "disgust_recall": 0.0, "disgust_accuracy": 0.9951434323100151, "disgust_f1": NaN, "disgust_tp": 0, "disgust_tn": 39547, "disgust_fp": 14, "disgust_fn": 179}
