{"precision": 0.8440366972477065, "recall": 0.007219083490269931, "f1": 0.014315723955496771, "accuracy": 0.04601479046836483, "name": "emotion-cause_vs_ssec_multi", "anger_precision": 0.8076923076923077, "anger_recall": 0.007236388697450034, "anger_accuracy": 0.40714872637633526, "anger_f1": 0.014344262295081968, "anger_tp": 21, "anger_tn": 1961, "anger_fp": 5, "anger_fn": 2881, "joy_precision": 0.8392857142857143, "joy_recall": 0.022738268021286888, "joy_accuracy": 0.5831963845521775, "joy_f1": 0.0442769665567593, "joy_tp": 47, "joy_tn": 2792, "joy_fp": 9, "joy_fn": 2020, "surprise_precision": 1.0, "surprise_recall": 0.0009025270758122744, "surprise_accuracy": 0.7725965488907148, "surprise_f1": 0.0018034265103697026, "surprise_tp": 1, "surprise_tn": 3760, "surprise_fp": 0, "surprise_fn": 1107, "disgust_precision": NaN, "disgust_recall": 0.0, "disgust_accuracy": 0.5515612161051766, "disgust_f1": NaN, "disgust_tp": 0, "disgust_tn": 2685, "disgust_fp": 0, "disgust_fn": 2183, "sadness_precision": 0.8888888888888888, "sadness_recall": 0.006051437216338881, "sadness_accuracy": 0.45973705834018075, "sadness_f1": 0.012021036814425247, "sadness_tp": 16, "sadness_tn": 2222, "sadness_fp": 2, "sadness_fn": 2628, "fear_precision": 0.875, "fear_recall": 0.0038043478260869567, "fear_accuracy": 0.623253903040263, "fear_f1": 0.007575757575757576, "fear_tp": 7, "fear_tn": 3027, "fear_fp": 1, "fear_fn": 1833}
