{"precision": 0.3321599549422698, "recall": 0.3321599549422698, "f1": 0.3321599549422698, "accuracy": 0.3321599549422698, "name": "emotion-cause_vs_emoint_single", "anger_precision": 0.48596321393998065, "anger_recall": 0.2951205173427396, "anger_accuracy": 0.756406646015207, "anger_f1": 0.36722750548646677, "anger_tp": 502, "anger_tn": 4870, "anger_fp": 531, "anger_fn": 1199, "fear_precision": 0.6838407494145199, "fear_recall": 0.12966252220248667, "fear_accuracy": 0.7050126724866235, "fear_f1": 0.21799178798058977, "fear_tp": 292, "fear_tn": 4715, "fear_fp": 135, "fear_fn": 1960, "joy_precision": 0.5279503105590062, "joy_recall": 0.2629950495049505, "joy_accuracy": 0.7787947057166995, "joy_f1": 0.3510945890128046, "joy_tp": 425, "joy_tn": 5106, "joy_fp": 380, "joy_fn": 1191, "sadness_precision": 0.260989010989011, "sadness_recall": 0.7436399217221135, "sadness_accuracy": 0.4901436215150662, "sadness_f1": 0.38637519064565334, "sadness_tp": 1140, "sadness_tn": 2341, "sadness_fp": 3228, "sadness_fn": 393}
