{"precision": 0.3665859104080566, "recall": 0.3665859104080566, "f1": 0.3665859104080566, "accuracy": 0.3665859104080566, "name": "grounded_emotions_vs_tec_single", "noemo_precision": NaN, "noemo_recall": 0.0, "noemo_accuracy": 0.5732269250866943, "noemo_f1": NaN, "noemo_tp": 0, "noemo_tn": 12067, "noemo_fp": 0, "noemo_fn": 8984, "sadness_precision": 0.1790405482581382, "sadness_recall": 0.1637075718015666, "sadness_accuracy": 0.7112726236283312, "sadness_f1": 0.17103109656301146, "sadness_tp": 627, "sadness_tn": 14346, "sadness_fp": 2875, "sadness_fn": 3203, "joy_precision": 0.404011624593994, "joy_recall": 0.860750273157703, "joy_accuracy": 0.44867227210108784, "joy_f1": 0.5499108043124176, "joy_tp": 7090, "joy_tn": 2355, "joy_fp": 10459, "joy_fn": 1147}
