{"precision": 0.11421027689391375, "recall": 0.11421027689391375, "f1": 0.11421027689391375, "accuracy": 0.11421027689391375, "name": "grounded_emotions_vs_tales-emotion_single", "noemo_precision": NaN, "noemo_recall": 0.0, "noemo_accuracy": 0.18604021393270598, "noemo_f1": NaN, "noemo_tp": 0, "noemo_tn": 2748, "noemo_fp": 0, "noemo_fn": 12023, "sadness_precision": 0.07644394110985278, "sadness_recall": 0.1465798045602606, "sadness_accuracy": 0.836368560016248, "sadness_f1": 0.10048381094157054, "sadness_tp": 135, "sadness_tn": 12219, "sadness_fp": 1631, "sadness_fn": 786, "joy_precision": 0.11933871587850826, "joy_recall": 0.849480021893815, "joy_accuracy": 0.20601177983887348, "joy_f1": 0.209277238403452, "joy_tp": 1552, "joy_tn": 1491, "joy_fp": 11453, "joy_fn": 275}
