{"precision": 0.2067108533554267, "recall": 0.2067108533554267, "f1": 0.20671085335542666, "accuracy": 0.2067108533554267, "name": "grounded_emotions_vs_emotion-cause_single", "joy_precision": 0.2020748759585025, "joy_recall": 0.9352818371607515, "joy_accuracy": 0.2543496271748136, "joy_f1": 0.33234421364985167, "joy_tp": 448, "joy_tn": 166, "joy_fp": 1769, "joy_fn": 31, "sadness_precision": 0.25888324873096447, "sadness_recall": 0.08869565217391304, "sadness_accuracy": 0.7224523612261806, "sadness_f1": 0.1321243523316062, "sadness_tp": 51, "sadness_tn": 1693, "sadness_fp": 146, "sadness_fn": 524, "noemo_precision": NaN, "noemo_recall": 0.0, "noemo_accuracy": 0.43661971830985913, "noemo_f1": NaN, "noemo_tp": 0, "noemo_tn": 1054, "noemo_fp": 0, "noemo_fn": 1360}
