{"precision": 0.524, "recall": 0.5161544523246651, "f1": 0.5200476379515682, "accuracy": 0.3896, "name": "grounded_emotions_vs_affectivetext_multi", "joy_precision": 0.5545023696682464, "joy_recall": 0.1890145395799677, "joy_accuracy": 0.5232, "joy_f1": 0.2819277108433735, "joy_tp": 117, "joy_tn": 537, "joy_fp": 94, "joy_fn": 502, "sadness_precision": 0.5178055822906641, "sadness_recall": 0.8276923076923077, "sadness_accuracy": 0.5096, "sadness_f1": 0.6370633510953227, "sadness_tp": 538, "sadness_tn": 99, "sadness_fp": 501, "sadness_fn": 112}
