{"precision": 0.21474584801207852, "recall": 0.21474584801207852, "f1": 0.2147458480120785, "accuracy": 0.21474584801207852, "name": "grounded_emotions_vs_crowdflower_single", "noemo_precision": NaN, "noemo_recall": 0.0, "noemo_accuracy": 0.3609209864116759, "noemo_f1": NaN, "noemo_tp": 0, "noemo_tn": 14343, "noemo_fp": 0, "noemo_fn": 25397, "sadness_precision": 0.11934329614817933, "sadness_recall": 0.11067733749756002, "sadness_accuracy": 0.7800704579768495, "sadness_f1": 0.11484707312132875, "sadness_tp": 567, "sadness_tn": 30433, "sadness_fp": 4184, "sadness_fn": 4556, "joy_precision": 0.22770013432793162, "joy_recall": 0.8640997830802603, "joy_accuracy": 0.2885002516356316, "joy_f1": 0.3604243479834423, "joy_tp": 7967, "joy_tn": 3498, "joy_fp": 27022, "joy_fn": 1253}
