{"precision": 0.550098231827112, "recall": 0.550098231827112, "f1": 0.550098231827112, "accuracy": 0.550098231827112, "name": "grounded_emotions_vs_grounded_emotions_single", "joy_precision": 0.5560747663551402, "joy_recall": 0.8592057761732852, "joy_accuracy": 0.550098231827112, "joy_f1": 0.675177304964539, "joy_tp": 238, "joy_tn": 42, "joy_fp": 190, "joy_fn": 39, "sadness_precision": 0.5185185185185185, "sadness_recall": 0.1810344827586207, "sadness_accuracy": 0.550098231827112, "sadness_f1": 0.26837060702875404, "sadness_tp": 42, "sadness_tn": 238, "sadness_fp": 39, "sadness_fn": 190}
