{"precision": 0.1436211844508218, "recall": 0.1436211844508218, "f1": 0.1436211844508218, "accuracy": 0.1436211844508218, "name": "grounded_emotions_vs_isear_single", "joy_precision": 0.1463801557542544, "joy_recall": 0.9277879341864717, "joy_accuracy": 0.2175841377511088, "joy_f1": 0.2528649725959143, "joy_tp": 1015, "joy_tn": 653, "joy_fp": 5919, "joy_fn": 79, "noemo_precision": NaN, "noemo_recall": 0.0, "noemo_accuracy": 0.28567701539264284, "noemo_f1": NaN, "noemo_tp": 0, "noemo_tn": 2190, "noemo_fp": 0, "noemo_fn": 5476, "sadness_precision": 0.11748633879781421, "sadness_recall": 0.07846715328467153, "sadness_accuracy": 0.783981215757892, "sadness_f1": 0.09409190371991248, "sadness_tp": 86, "sadness_tn": 5924, "sadness_fp": 646, "sadness_fn": 1010}
