{"precision": 0.51957195156294, "recall": 0.51957195156294, "f1": 0.51957195156294, "accuracy": 0.51957195156294, "name": "grounded_emotions_vs_emoint_single", "noemo_precision": 0.5577015934331241, "noemo_recall": 0.8765494561092841, "noemo_accuracy": 0.5443537031822022, "noemo_f1": 0.6816840448554005, "noemo_tp": 3465, "noemo_tn": 401, "noemo_fp": 2748, "noemo_fn": 488, "joy_precision": NaN, "joy_recall": 0.0, "joy_accuracy": 0.7724584624049563, "joy_f1": NaN, "joy_tp": 0, "joy_tn": 5486, "joy_fp": 0, "joy_fn": 1616, "sadness_precision": 0.2530933633295838, "sadness_recall": 0.14677103718199608, "sadness_accuracy": 0.7223317375387215, "sadness_f1": 0.18579686209744012, "sadness_tp": 225, "sadness_tn": 4905, "sadness_fp": 664, "sadness_fn": 1308}
