{"precision": 0.4366226259289843, "recall": 0.44894926767140736, "f1": 0.4427001569858713, "accuracy": 0.29642563681183237, "name": "grounded_emotions_vs_ssec_multi", "joy_precision": 0.422925814652184, "joy_recall": 0.8853410740203193, "joy_accuracy": 0.4383730484798685, "joy_f1": 0.5724116359086644, "joy_tp": 1830, "joy_tn": 304, "joy_fp": 2497, "joy_fn": 237, "sadness_precision": 0.5512572533849129, "sadness_recall": 0.10779122541603631, "sadness_accuracy": 0.46774856203779785, "sadness_f1": 0.1803226826953496, "sadness_tp": 285, "sadness_tn": 1992, "sadness_fp": 232, "sadness_fn": 2359}
