{"precision": 0.10083609279561852, "recall": 0.10083609279561852, "f1": 0.10083609279561852, "accuracy": 0.10083609279561852, "name": "grounded_emotions_vs_dailydialog_single", "noemo_precision": NaN, "noemo_recall": 0.0, "noemo_accuracy": 0.13628992318822283, "noemo_f1": NaN, "noemo_tp": 0, "noemo_tn": 14035, "noemo_fp": 0, "noemo_fn": 88944, "joy_precision": 0.116938576907665, "joy_recall": 0.7927046953822274, "joy_accuracy": 0.22506530457666127, "joy_f1": 0.2038112341614287, "joy_tp": 10214, "joy_tn": 12963, "joy_fp": 77131, "joy_fn": 2671, "sadness_precision": 0.010873736727644877, "sadness_recall": 0.14782608695652175, "sadness_accuracy": 0.840316957826353, "sadness_f1": 0.020257387988560534, "sadness_tp": 170, "sadness_tn": 86365, "sadness_fp": 15464, "sadness_fn": 980}
