{"precision": 0.5407697325505545, "recall": 0.5407697325505545, "f1": 0.5407697325505545, "accuracy": 0.5407697325505545, "name": "isear_vs_isear_single", "joy_precision": 0.5529411764705883, "joy_recall": 0.6945812807881774, "joy_accuracy": 0.8851924331376386, "joy_f1": 0.6157205240174674, "joy_tp": 141, "joy_tn": 1216, "joy_fp": 114, "joy_fn": 62, "disgust_precision": 0.5969387755102041, "disgust_recall": 0.52, "disgust_accuracy": 0.878016960208741, "disgust_f1": 0.5558194774346793, "disgust_tp": 117, "disgust_tn": 1229, "disgust_fp": 79, "disgust_fn": 108, "shame_precision": 0.46919431279620855, "shame_recall": 0.4852941176470588, "shame_accuracy": 0.8584474885844748, "shame_f1": 0.4771084337349398, "shame_tp": 99, "shame_tn": 1217, "shame_fp": 112, "shame_fn": 105, "guilt_precision": 0.4744186046511628, "guilt_recall": 0.4636363636363636, "guilt_accuracy": 0.8493150684931506, "guilt_f1": 0.4689655172413793, "guilt_tp": 102, "guilt_tn": 1200, "guilt_fp": 113, "guilt_fn": 118, "fear_precision": 0.6693877551020408, "fear_recall": 0.6533864541832669, "fear_accuracy": 0.8904109589041096, "fear_f1": 0.6612903225806452, "fear_tp": 164, "fear_tn": 1201, "fear_fp": 81, "fear_fn": 87, "sadness_precision": 0.5813953488372093, "sadness_recall": 0.573394495412844, "sadness_accuracy": 0.8806262230919765, "sadness_f1": 0.5773672055427251, "sadness_tp": 125, "sadness_tn": 1225, "sadness_fp": 90, "sadness_fn": 93, "anger_precision": 0.413265306122449, "anger_recall": 0.38207547169811323, "anger_accuracy": 0.8395303326810176, "anger_f1": 0.3970588235294118, "anger_tp": 81, "anger_tn": 1206, "anger_fp": 115, "anger_fn": 131}
