{"precision": 0.350687157267619, "recall": 0.350687157267619, "f1": 0.350687157267619, "accuracy": 0.350687157267619, "name": "isear_vs_tales-emotion_single", "noemo_precision": 0.6658291457286433, "noemo_recall": 0.44162337025781784, "noemo_accuracy": 0.46130932232076366, "noemo_f1": 0.5310308245417577, "noemo_tp": 4505, "noemo_tn": 2309, "noemo_fp": 2261, "noemo_fn": 5696, "fear_precision": 0.13199665831244778, "fear_recall": 0.22191011235955055, "fear_accuracy": 0.8921535441066956, "fear_f1": 0.16553169198533263, "fear_tp": 158, "fear_tn": 13020, "fear_fp": 1039, "fear_fn": 554, "disgust_precision": 0.01808785529715762, "disgust_recall": 0.18518518518518517, "disgust_accuracy": 0.7218874822286914, "disgust_f1": 0.03295668549905838, "disgust_tp": 70, "disgust_tn": 10593, "disgust_fp": 3800, "disgust_fn": 308, "sadness_precision": 0.07938820101966497, "sadness_recall": 0.11834961997828447, "sadness_accuracy": 0.8594543361993094, "sadness_f1": 0.09503051438535308, "sadness_tp": 109, "sadness_tn": 12586, "sadness_fp": 1264, "sadness_fn": 812, "anger_precision": 0.12629757785467127, "anger_recall": 0.09972677595628415, "anger_accuracy": 0.9211969399499018, "anger_f1": 0.11145038167938931, "anger_tp": 73, "anger_tn": 13534, "anger_fp": 505, "anger_fn": 659, "joy_precision": 0.2684903748733536, "joy_recall": 0.14504652435686918, "joy_accuracy": 0.8453726897298761, "joy_f1": 0.1883439943141436, "joy_tp": 265, "joy_tn": 12222, "joy_fp": 722, "joy_fn": 1562}
