{"precision": 0.5018790238786549, "recall": 0.5018790238786549, "f1": 0.5018790238786549, "accuracy": 0.5018790238786549, "name": "isear_vs_dailydialog_single", "disgust_precision": 0.0037277371255004833, "disgust_recall": 0.0764872521246459, "disgust_accuracy": 0.9267617669621961, "disgust_f1": 0.007109004739336493, "disgust_tp": 27, "disgust_tn": 95410, "disgust_fp": 7216, "disgust_fn": 326, "noemo_precision": 0.857293923897027, "noemo_recall": 0.5658561702614566, "noemo_accuracy": 0.5516173200361238, "noemo_f1": 0.6817342156051833, "noemo_tp": 49453, "noemo_tn": 7352, "noemo_fp": 8232, "noemo_fn": 37942, "joy_precision": 0.1856854097758177, "joy_recall": 0.156849049282111, "joy_accuracy": 0.8084366715543946, "joy_f1": 0.17005343093945896, "joy_tp": 2021, "joy_tn": 81231, "joy_fp": 8863, "joy_fn": 10864, "anger_precision": 0.020158827122785584, "anger_recall": 0.06457925636007827, "anger_accuracy": 0.9595645714174734, "anger_f1": 0.030726256983240226, "anger_tp": 66, "anger_tn": 98749, "anger_fp": 3208, "anger_fn": 956, "sadness_precision": 0.0045377197958026095, "sadness_recall": 0.07652173913043478, "sadness_accuracy": 0.8022218122141408, "sadness_f1": 0.008567395219782893, "sadness_tp": 88, "sadness_tn": 82524, "sadness_fp": 19305, "sadness_fn": 1062, "fear_precision": 0.006222222222222222, "fear_recall": 0.16091954022988506, "fear_accuracy": 0.9551559055729809, "fear_f1": 0.011981172443303382, "fear_tp": 28, "fear_tn": 98333, "fear_fp": 4472, "fear_fn": 146}
