{"precision": 0.5476190476190477, "recall": 0.07562679819153309, "f1": 0.1328999638858794, "accuracy": 0.0784, "name": "isear_vs_affectivetext_multi", "anger_precision": NaN, "anger_recall": 0.0, "anger_accuracy": 0.7008, "anger_f1": NaN, "anger_tp": 0, "anger_tn": 876, "anger_fp": 0, "anger_fn": 374, "joy_precision": 0.7894736842105263, "joy_recall": 0.024232633279483037, "joy_accuracy": 0.5136, "joy_f1": 0.047021943573667714, "joy_tp": 15, "joy_tn": 627, "joy_fp": 4, "joy_fn": 604, "disgust_precision": 0.5, "disgust_recall": 0.011857707509881422, "disgust_accuracy": 0.7976, "disgust_f1": 0.02316602316602316, "disgust_tp": 3, "disgust_tn": 994, "disgust_fp": 3, "disgust_fn": 250, "sadness_precision": 0.5282392026578073, "sadness_recall": 0.24461538461538462, "sadness_accuracy": 0.4936, "sadness_f1": 0.33438485804416407, "sadness_tp": 159, "sadness_tn": 458, "sadness_fp": 142, "sadness_fn": 491, "fear_precision": 0.7, "fear_recall": 0.01303538175046555, "fear_accuracy": 0.5736, "fear_f1": 0.02559414990859232, "fear_tp": 7, "fear_tn": 710, "fear_fp": 3, "fear_fn": 530}
