{"precision": 0.24979287489643745, "recall": 0.24979287489643745, "f1": 0.24979287489643745, "accuracy": 0.24979287489643745, "name": "isear_vs_emotion-cause_single", "joy_precision": 0.5511811023622047, "joy_recall": 0.14613778705636743, "joy_accuracy": 0.8069594034797017, "joy_f1": 0.231023102310231, "joy_tp": 70, "joy_tn": 1878, "joy_fp": 57, "joy_fn": 409, "sadness_precision": 0.4826254826254826, "sadness_recall": 0.21739130434782608, "sadness_accuracy": 0.7580778790389395, "sadness_f1": 0.29976019184652275, "sadness_tp": 125, "sadness_tn": 1705, "sadness_fp": 134, "sadness_fn": 450, "noemo_precision": 0.17787610619469027, "noemo_recall": 0.5598885793871866, "noemo_accuracy": 0.5497100248550124, "noemo_f1": 0.2699798522498321, "noemo_tp": 201, "noemo_tn": 1126, "noemo_fp": 929, "noemo_fn": 158, "disgust_precision": 0.055970149253731345, "disgust_recall": 0.3157894736842105, "disgust_accuracy": 0.7634631317315659, "disgust_f1": 0.09508716323296357, "disgust_tp": 30, "disgust_tn": 1813, "disgust_fp": 506, "disgust_fn": 65, "anger_precision": 0.52046783625731, "anger_recall": 0.18426501035196688, "anger_accuracy": 0.8028169014084507, "anger_f1": 0.27217125382263, "anger_tp": 89, "anger_tn": 1849, "anger_fp": 82, "anger_fn": 394, "fear_precision": 0.4607329842931937, "fear_recall": 0.20803782505910165, "fear_accuracy": 0.8185584092792046, "fear_f1": 0.2866449511400651, "fear_tp": 88, "fear_tn": 1888, "fear_fp": 103, "fear_fn": 335}
