{"precision": 0.09079013588324107, "recall": 0.09079013588324107, "f1": 0.09079013588324107, "accuracy": 0.09079013588324107, "name": "isear_vs_crowdflower_single", "anger_precision": 0.41753130590339893, "anger_recall": 0.07594195353679964, "anger_accuracy": 0.601711122294917, "anger_f1": 0.12851007598282127, "anger_tp": 1167, "anger_tn": 22745, "anger_fp": 1628, "anger_fn": 14200, "fear_precision": 0.10780834072759539, "fear_recall": 0.04743314464181144, "fear_accuracy": 0.8265978862606945, "fear_f1": 0.06588043920292802, "fear_tp": 243, "fear_tn": 32606, "fear_fp": 2011, "fear_fn": 4880, "joy_precision": 0.31901960784313727, "joy_recall": 0.17646420824295012, "joy_accuracy": 0.7215400100654252, "joy_f1": 0.22723463687150838, "joy_tp": 1627, "joy_tn": 27047, "joy_fp": 3473, "joy_fn": 7593, "disgust_precision": 0.2267493356953056, "disgust_recall": 0.03036773428232503, "disgust_accuracy": 0.7723452440865627, "disgust_f1": 0.05356208808452767, "disgust_tp": 256, "disgust_tn": 30437, "disgust_fp": 873, "disgust_fn": 8174, "sadness_precision": 0.027781470158181578, "sadness_recall": 0.1470795214637579, "sadness_accuracy": 0.7854554604932058, "sadness_f1": 0.04673524150268336, "sadness_tp": 209, "sadness_tn": 31005, "sadness_fp": 7314, "sadness_fn": 1212, "noemo_precision": 0.005062323893213621, "noemo_recall": 0.5921787709497207, "noemo_accuracy": 0.4739305485656769, "noemo_f1": 0.01003882943460555, "noemo_tp": 106, "noemo_tn": 18728, "noemo_fp": 20833, "noemo_fn": 73}
