{"precision": 0.08317214700193423, "recall": 0.08317214700193423, "f1": 0.08317214700193423, "accuracy": 0.08317214700193423, "name": "isear_vs_grounded_emotions_single", "sadness_precision": 0.4421768707482993, "sadness_recall": 0.061611374407582936, "sadness_accuracy": 0.5852998065764023, "sadness_f1": 0.10815307820299501, "sadness_tp": 65, "sadness_tn": 1448, "sadness_fp": 82, "sadness_fn": 990, "joy_precision": 0.6493506493506493, "joy_recall": 0.09803921568627451, "joy_accuracy": 0.43481624758220505, "joy_f1": 0.17035775127768313, "joy_tp": 150, "joy_tn": 974, "joy_fp": 81, "joy_fn": 1380}
