{"precision": 0.11137707687975218, "recall": 0.11137707687975218, "f1": 0.11137707687975218, "accuracy": 0.11137707687975218, "name": "isear_vs_emoint_single", "anger_precision": 0.8275862068965517, "anger_recall": 0.0564373897707231, "anger_accuracy": 0.7711912137426077, "anger_f1": 0.10566868464501926, "anger_tp": 96, "anger_tn": 5381, "anger_fp": 20, "anger_fn": 1605, "fear_precision": 0.6017897091722595, "fear_recall": 0.119449378330373, "fear_accuracy": 0.6957195156294002, "fear_f1": 0.19933308632826974, "fear_tp": 269, "fear_tn": 4672, "fear_fp": 178, "fear_fn": 1983, "joy_precision": 0.5056433408577878, "joy_recall": 0.13861386138613863, "joy_accuracy": 0.7731624894395945, "joy_f1": 0.21758135016998542, "joy_tp": 224, "joy_tn": 5267, "joy_fp": 219, "joy_fn": 1392, "sadness_precision": 0.3470790378006873, "sadness_recall": 0.13176777560339203, "sadness_accuracy": 0.7590819487468319, "sadness_f1": 0.19101654846335694, "sadness_tp": 202, "sadness_tn": 5189, "sadness_fp": 380, "sadness_fn": 1331}
