{"precision": 0.6038647342995169, "recall": 0.010742523203850121, "f1": 0.021109516169889386, "accuracy": 0.05341002465078061, "name": "isear_vs_ssec_multi", "anger_precision": 1.0, "anger_recall": 0.0013783597518952446, "anger_accuracy": 0.40468364831553, "anger_f1": 0.0027529249827942187, "anger_tp": 4, "anger_tn": 1966, "anger_fp": 0, "anger_fn": 2898, "joy_precision": 0.7073170731707317, "joy_recall": 0.014029995162070633, "joy_accuracy": 0.5788824979457683, "joy_f1": 0.027514231499051234, "joy_tp": 29, "joy_tn": 2789, "joy_fp": 12, "joy_fn": 2038, "disgust_precision": 0.5714285714285714, "disgust_recall": 0.007329363261566651, "disgust_accuracy": 0.5523829087921117, "disgust_f1": 0.014473089099954772, "disgust_tp": 16, "disgust_tn": 2673, "disgust_fp": 12, "disgust_fn": 2167, "sadness_precision": 0.5857142857142857, "sadness_recall": 0.015506807866868382, "sadness_accuracy": 0.45932621199671325, "sadness_f1": 0.030213706705969047, "sadness_tp": 41, "sadness_tn": 2195, "sadness_fp": 29, "sadness_fn": 2603, "fear_precision": 0.546875, "fear_recall": 0.019021739130434784, "fear_accuracy": 0.623253903040263, "fear_f1": 0.03676470588235294, "fear_tp": 35, "fear_tn": 2999, "fear_fp": 29, "fear_fn": 1805}
