{"precision": 0.23362310579069878, "recall": 0.23362310579069878, "f1": 0.23362310579069878, "accuracy": 0.23362310579069878, "name": "isear_vs_tec_single", "noemo_precision": 0.174839849790148, "noemo_recall": 0.4109553478712357, "noemo_accuracy": 0.537314141845993, "noemo_f1": 0.24531225786455907, "noemo_tp": 1583, "noemo_tn": 9728, "noemo_fp": 7471, "noemo_fn": 2269, "sadness_precision": 0.17698470502549163, "sadness_recall": 0.19033942558746736, "sadness_accuracy": 0.6916536031542444, "sadness_f1": 0.1834192980249088, "sadness_tp": 729, "sadness_tn": 13831, "sadness_fp": 3390, "sadness_fn": 3101, "joy_precision": 0.5444735120994114, "joy_recall": 0.20213670025494718, "joy_accuracy": 0.6216331765711842, "joy_f1": 0.2948207171314741, "joy_tp": 1665, "joy_tn": 11421, "joy_fp": 1393, "joy_fn": 6572, "disgust_precision": 0.07934990439770555, "disgust_recall": 0.21813403416557162, "disgust_accuracy": 0.8802432188494609, "disgust_f1": 0.11636873466526464, "disgust_tp": 166, "disgust_tn": 18364, "disgust_fp": 1926, "disgust_fn": 595, "fear_precision": 0.339247311827957, "fear_recall": 0.22407670454545456, "fear_accuracy": 0.8378224312384209, "fear_f1": 0.26988879384088965, "fear_tp": 631, "fear_tn": 17006, "fear_fp": 1229, "fear_fn": 2185, "anger_precision": 0.16589861751152074, "anger_recall": 0.09260450160771704, "anger_accuracy": 0.898579639922094, "anger_f1": 0.11886091621956252, "anger_tp": 144, "anger_tn": 18772, "anger_fp": 724, "anger_fn": 1411}
