{"precision": 0.708385170440408, "recall": 0.4375288151221761, "f1": 0.5409462283868516, "accuracy": 0.09151329243353783, "name": "ssec_vs_ssec_multi", "sadness_precision": 0.659957627118644, "sadness_recall": 0.5871819038642789, "sadness_accuracy": 0.6119631901840491, "sadness_f1": 0.6214463840399002, "sadness_tp": 623, "sadness_tn": 574, "sadness_fp": 321, "sadness_fn": 438, "joy_precision": 0.635036496350365, "joy_recall": 0.45970937912813736, "joy_accuracy": 0.6886503067484663, "joy_f1": 0.5333333333333333, "joy_tp": 348, "joy_tn": 999, "joy_fp": 200, "joy_fn": 409, "disgust_precision": 0.6752988047808764, "disgust_recall": 0.3717105263157895, "disgust_accuracy": 0.623721881390593, "disgust_f1": 0.4794908062234795, "disgust_tp": 339, "disgust_tn": 881, "disgust_fp": 163, "disgust_fn": 573, "trust_precision": 0.7396648044692737, "trust_recall": 0.5493775933609959, "trust_accuracy": 0.6032719836400818, "trust_f1": 0.6304761904761905, "trust_tp": 662, "trust_tn": 518, "trust_fp": 233, "trust_fn": 543, "fear_precision": 0.717391304347826, "fear_recall": 0.04125, "fear_accuracy": 0.6012269938650306, "fear_f1": 0.07801418439716312, "fear_tp": 33, "fear_tn": 1143, "fear_fp": 13, "fear_fn": 767, "surprise_precision": NaN, "surprise_recall": 0.0, "surprise_accuracy": 0.7305725971370143, "surprise_f1": NaN, "surprise_tp": 0, "surprise_tn": 1429, "surprise_fp": 0, "surprise_fn": 527, "anger_precision": 0.7767527675276753, "anger_recall": 0.6763052208835342, "anger_accuracy": 0.6702453987730062, "anger_f1": 0.7230571060541005, "anger_tp": 842, "anger_tn": 469, "anger_fp": 242, "anger_fn": 403}
