{"precision": 0.166890663293541, "recall": 0.3854299799160124, "f1": 0.23292507999558645, "accuracy": 0.08844247325854422, "name": "ssec_vs_isear_multi", "anger_precision": 0.1590493601462523, "anger_recall": 0.7144160583941606, "anger_accuracy": 0.41912340203495957, "anger_f1": 0.26017610898820404, "anger_tp": 783, "anger_tn": 2430, "anger_fp": 4140, "anger_fn": 313, "fear_precision": 0.2090702947845805, "fear_recall": 0.42138939670932357, "fear_accuracy": 0.689929559092095, "fear_f1": 0.27947862988784483, "fear_tp": 461, "fear_tn": 4828, "fear_fp": 1744, "fear_fn": 633, "joy_precision": 0.1812548412083656, "joy_recall": 0.21350364963503649, "joy_accuracy": 0.7496738846856248, "joy_f1": 0.19606200251361539, "joy_tp": 234, "joy_tn": 5513, "joy_fp": 1057, "joy_fn": 862, "disgust_precision": 0.14927925726850721, "disgust_recall": 0.5574817518248175, "disgust_accuracy": 0.4825202191494913, "disgust_f1": 0.2354981692040856, "disgust_tp": 611, "disgust_tn": 3088, "disgust_fp": 3482, "disgust_fn": 485, "sadness_precision": 0.16058394160583941, "sadness_recall": 0.02009132420091324, "sadness_accuracy": 0.8450300026089225, "sadness_f1": 0.03571428571428571, "sadness_tp": 22, "sadness_tn": 6456, "sadness_fp": 115, "sadness_fn": 1073}
