{"precision": 0.4777227722772277, "recall": 0.05993788819875776, "f1": 0.10651214128035319, "accuracy": 0.0376, "name": "ssec_vs_affectivetext_multi", "anger_precision": 0.3743016759776536, "anger_recall": 0.17914438502673796, "anger_accuracy": 0.6648, "anger_f1": 0.2423146473779385, "anger_tp": 67, "anger_tn": 764, "anger_fp": 112, "anger_fn": 307, "fear_precision": 0.6382978723404256, "fear_recall": 0.048465266558966075, "fear_accuracy": 0.5152, "fear_f1": 0.09009009009009009, "fear_tp": 30, "fear_tn": 614, "fear_fp": 17, "fear_fn": 589, "joy_precision": 1.0, "joy_recall": 0.0025412960609911056, "joy_accuracy": 0.372, "joy_f1": 0.005069708491761723, "joy_tp": 2, "joy_tn": 463, "joy_fp": 0, "joy_fn": 785, "disgust_precision": 0.3484848484848485, "disgust_recall": 0.09090909090909091, "disgust_accuracy": 0.7816, "disgust_f1": 0.14420062695924762, "disgust_tp": 23, "disgust_tn": 954, "disgust_fp": 43, "disgust_fn": 230, "surprise_precision": 0.611764705882353, "surprise_recall": 0.08, "surprise_accuracy": 0.4952, "surprise_f1": 0.1414965986394558, "surprise_tp": 52, "surprise_tn": 567, "surprise_fp": 33, "surprise_fn": 598, "sadness_precision": 0.76, "sadness_recall": 0.035381750465549346, "sadness_accuracy": 0.5808, "sadness_f1": 0.06761565836298931, "sadness_tp": 19, "sadness_tn": 707, "sadness_fp": 6, "sadness_fn": 518}
