{"precision": 0.16286106092597027, "recall": 0.2818079096045198, "f1": 0.20642562525003105, "accuracy": 0.21444388525415198, "name": "ssec_vs_crowdflower_multi", "anger_precision": 0.05251274111347655, "anger_recall": 0.5728360309641097, "anger_accuracy": 0.6151484650226472, "anger_f1": 0.09620612220777686, "anger_tp": 814, "anger_tn": 23632, "anger_fp": 14687, "anger_fn": 607, "fear_precision": 0.2995708154506438, "fear_recall": 0.5299349240780911, "fear_accuracy": 0.603472571716155, "fear_f1": 0.38276537406972194, "fear_tp": 4886, "fear_tn": 19096, "fear_fp": 11424, "fear_fn": 4334, "joy_precision": 0.11286089238845144, "joy_recall": 0.01975195222783647, "joy_accuracy": 0.9377956718671364, "joy_f1": 0.033620015637216574, "joy_tp": 43, "joy_tn": 37225, "joy_fp": 338, "joy_fn": 2134, "disgust_precision": 0.005735140771637122, "disgust_recall": 0.12290502793296089, "disgust_accuracy": 0.9000754906894817, "disgust_f1": 0.01095890410958904, "disgust_tp": 22, "disgust_tn": 35747, "disgust_fp": 3814, "disgust_fn": 157, "surprise_precision": 0.1701532725766363, "surprise_recall": 0.3207105211789967, "surprise_accuracy": 0.7107951685958732, "surprise_f1": 0.22234251302523853, "surprise_tp": 1643, "surprise_tn": 26604, "surprise_fp": 8013, "surprise_fn": 3480, "sadness_precision": 0.28793774319066145, "sadness_recall": 0.008778173190984579, "sadness_accuracy": 0.7851283341721188, "sadness_f1": 0.017036951767008174, "sadness_tp": 74, "sadness_tn": 31127, "sadness_fp": 183, "sadness_fn": 8356}
