{"precision": 0.06844302907621815, "recall": 0.4642385247314299, "f1": 0.11929788301987068, "accuracy": 0.3155983258722652, "name": "ssec_vs_dailydialog_multi", "anger_precision": 0.014449273124351989, "anger_recall": 0.6409001956947162, "anger_accuracy": 0.5626001417764787, "anger_f1": 0.028261385455094604, "anger_tp": 655, "anger_tn": 57281, "anger_fp": 44676, "anger_fn": 367, "fear_precision": 0.22182219194966105, "fear_recall": 0.5307722157547536, "fear_accuracy": 0.7083094611522738, "fear_f1": 0.31288315490895785, "fear_tp": 6839, "fear_tn": 66102, "fear_fp": 23992, "fear_fn": 6046, "joy_precision": 0.09032943676939426, "joy_recall": 0.04662643993417444, "joy_accuracy": 0.9748103982365337, "joy_f1": 0.061505065123010134, "joy_tp": 85, "joy_tn": 100300, "joy_fp": 856, "joy_fn": 1738, "disgust_precision": 0.006209150326797385, "disgust_recall": 0.21529745042492918, "disgust_accuracy": 0.8791889608560969, "disgust_f1": 0.012070197728897005, "disgust_tp": 76, "disgust_tn": 90462, "disgust_fp": 12164, "disgust_fn": 277, "surprise_precision": 0.015224589691909013, "surprise_recall": 0.36782608695652175, "surprise_accuracy": 0.7272453607046097, "surprise_f1": 0.029238957627704433, "surprise_tp": 423, "surprise_tn": 74468, "surprise_fp": 27361, "surprise_fn": 727, "sadness_precision": 0.0031847133757961785, "sadness_recall": 0.017241379310344827, "sadness_accuracy": 0.9892211033317473, "sadness_f1": 0.005376344086021506, "sadness_tp": 3, "sadness_tn": 101866, "sadness_fp": 939, "sadness_fn": 171}
