{"precision": 0.25536179595109243, "recall": 0.3026415811478525, "f1": 0.2769986737112169, "accuracy": 0.15899482209871266, "name": "ssec_vs_tec_multi", "anger_precision": 0.4853061224489796, "anger_recall": 0.4330460118975355, "anger_accuracy": 0.5984513799819486, "anger_f1": 0.45768909989093476, "anger_tp": 3567, "anger_tn": 9031, "anger_fp": 3783, "anger_fn": 4670, "fear_precision": 0.08504504504504505, "fear_recall": 0.31011826544021026, "fear_accuracy": 0.8544487197757826, "fear_f1": 0.1334841628959276, "fear_tp": 236, "fear_tn": 17751, "fear_fp": 2539, "fear_fn": 525, "joy_precision": 0.11737257717157215, "joy_recall": 0.6308681672025723, "joy_accuracy": 0.6222982281126788, "joy_f1": 0.19792192071017858, "joy_tp": 981, "joy_tn": 12119, "joy_fp": 7377, "joy_fn": 574, "disgust_precision": 0.3495575221238938, "disgust_recall": 0.056107954545454544, "disgust_accuracy": 0.8597691321077383, "disgust_f1": 0.0966952264381885, "disgust_tp": 158, "disgust_tn": 17941, "disgust_fp": 294, "disgust_fn": 2658, "surprise_precision": 0.23906852069023288, "surprise_recall": 0.37258485639686684, "surprise_accuracy": 0.6700869317372097, "surprise_f1": 0.2912542096132258, "surprise_tp": 1427, "surprise_tn": 12679, "surprise_fp": 4542, "surprise_fn": 2403, "sadness_precision": 0.024390243902439025, "sadness_recall": 0.0002598077422707197, "sadness_accuracy": 0.8153056861906798, "sadness_f1": 0.0005141388174807198, "sadness_tp": 1, "sadness_tn": 17162, "sadness_fp": 40, "sadness_fn": 3848}
