{"precision": 0.46430329886755295, "recall": 0.36479690522243713, "f1": 0.408578856152513, "accuracy": 0.34545454545454546, "name": "ssec_vs_grounded_emotions_multi", "joy_precision": 0.5989932885906041, "joy_recall": 0.23333333333333334, "joy_accuracy": 0.45377176015473886, "joy_f1": 0.3358419567262465, "joy_tp": 357, "joy_tn": 816, "joy_fp": 239, "joy_fn": 1173, "sadness_precision": 0.4083623693379791, "sadness_recall": 0.5554502369668246, "sadness_accuracy": 0.49013539651837523, "sadness_f1": 0.4706827309236948, "sadness_tp": 586, "sadness_tn": 681, "sadness_fp": 849, "sadness_fn": 469}
