{"precision": 0.2753483386923901, "recall": 0.36172909039707124, "f1": 0.3126825705939629, "accuracy": 0.12081103914390312, "name": "ssec_vs_emoint_multi", "anger_precision": 0.32661498708010334, "anger_recall": 0.3910891089108911, "anger_accuracy": 0.6779780343565193, "anger_f1": 0.3559560687130386, "anger_tp": 632, "anger_tn": 4183, "anger_fp": 1303, "anger_fn": 984, "joy_precision": 0.2309015829318651, "joy_recall": 0.43770384866275275, "joy_accuracy": 0.5639256547451422, "joy_f1": 0.3023203424194638, "joy_tp": 671, "joy_tn": 3334, "joy_fp": 2235, "joy_fn": 862, "fear_precision": 0.2701273732275895, "fear_recall": 0.660787771898883, "fear_accuracy": 0.49112925936355956, "fear_f1": 0.3834868645513477, "fear_tp": 1124, "fear_tn": 2364, "fear_fp": 3037, "fear_fn": 577, "sadness_precision": 0.4329268292682927, "sadness_recall": 0.0630550621669627, "sadness_accuracy": 0.6767107856941706, "sadness_f1": 0.11007751937984496, "sadness_tp": 142, "sadness_tn": 4664, "sadness_fp": 186, "sadness_fn": 2110}
