{"precision": 0.21096388672382438, "recall": 0.35802469135802467, "f1": 0.2654896190943273, "accuracy": 0.0940347970173985, "name": "ssec_vs_emotion-cause_multi", "anger_precision": 0.22560975609756098, "anger_recall": 0.7660455486542443, "anger_accuracy": 0.4270919635459818, "anger_f1": 0.34856335374470093, "anger_tp": 370, "anger_tn": 661, "anger_fp": 1270, "anger_fn": 113, "fear_precision": 0.33746130030959753, "fear_recall": 0.22755741127348644, "fear_accuracy": 0.7580778790389395, "fear_f1": 0.2718204488778055, "fear_tp": 109, "fear_tn": 1721, "fear_fp": 214, "fear_fn": 370, "joy_precision": 0.0, "joy_recall": 0.0, "joy_accuracy": 0.9101077050538525, "joy_f1": NaN, "joy_tp": 0, "joy_tn": 2197, "joy_fp": 4, "joy_fn": 213, "disgust_precision": 0.0379746835443038, "disgust_recall": 0.25263157894736843, "disgust_accuracy": 0.7187241093620547, "disgust_f1": 0.06602475928473178, "disgust_tp": 24, "disgust_tn": 1711, "disgust_fp": 608, "disgust_fn": 71, "surprise_precision": 0.24669603524229075, "surprise_recall": 0.48695652173913045, "surprise_accuracy": 0.5236122618061309, "surprise_f1": 0.3274853801169591, "surprise_tp": 280, "surprise_tn": 984, "surprise_fp": 855, "surprise_fn": 295, "sadness_precision": 0.25217391304347825, "sadness_recall": 0.06855791962174941, "sadness_accuracy": 0.8011599005799502, "sadness_f1": 0.10780669144981413, "sadness_tp": 29, "sadness_tn": 1905, "sadness_fp": 86, "sadness_fn": 394}
