{"precision": 0.07260598235420701, "recall": 0.3138020833333333, "f1": 0.11792667155988953, "accuracy": 0.16749035271816398, "name": "ssec_vs_tales-emotion_multi", "anger_precision": 0.052159903332997685, "anger_recall": 0.7076502732240437, "anger_accuracy": 0.34824994922483243, "anger_f1": 0.09715839819938103, "anger_tp": 518, "anger_tn": 4626, "anger_fp": 9413, "anger_fn": 214, "fear_precision": 0.20912715994683206, "fear_recall": 0.2583470169677066, "fear_accuracy": 0.787421298490285, "fear_f1": 0.23114593535749264, "fear_tp": 472, "fear_tn": 11159, "fear_fp": 1785, "fear_fn": 1355, "joy_precision": 0.13333333333333333, "joy_recall": 0.004962779156327543, "joy_accuracy": 0.9439442150159095, "joy_f1": 0.009569377990430623, "joy_tp": 4, "joy_tn": 13939, "joy_fp": 26, "joy_fn": 802, "disgust_precision": 0.03978007761966365, "disgust_recall": 0.3253968253968254, "disgust_accuracy": 0.7817344797237831, "disgust_f1": 0.07089337175792507, "disgust_tp": 123, "disgust_tn": 11424, "disgust_fp": 2969, "disgust_fn": 255, "surprise_precision": 0.07178858466149025, "surprise_recall": 0.5722041259500543, "surprise_accuracy": 0.5120167896554059, "surprise_f1": 0.12757201646090535, "surprise_tp": 527, "surprise_tn": 7036, "surprise_fp": 6814, "surprise_fn": 394, "sadness_precision": 0.07363013698630137, "sadness_recall": 0.060393258426966294, "sadness_accuracy": 0.918082729673008, "sadness_f1": 0.06635802469135803, "sadness_tp": 43, "sadness_tn": 13518, "sadness_fp": 541, "sadness_fn": 669}
