{"precision": 0.32672370407649726, "recall": 0.32672370407649726, "f1": 0.32672370407649726, "accuracy": 0.32672370407649726, "name": "tales-emotion_vs_crowdflower_single", "noemo_precision": 0.3272631717251347, "noemo_recall": 0.9442001516300228, "noemo_accuracy": 0.337267237040765, "noemo_f1": 0.48605717630988393, "noemo_tp": 12454, "noemo_tn": 949, "noemo_fp": 25601, "noemo_fn": 736, "sadness_precision": 0.3873239436619718, "sadness_recall": 0.01073589693538942, "sadness_accuracy": 0.870281831907398, "sadness_f1": 0.020892687559354226, "sadness_tp": 55, "sadness_tn": 34530, "sadness_fp": 87, "sadness_fn": 5068, "joy_precision": 0.3374327440430438, "joy_recall": 0.04761388286334056, "joy_accuracy": 0.7573477604428787, "joy_f1": 0.08345214333238285, "joy_tp": 439, "joy_tn": 29658, "joy_fp": 862, "joy_fn": 8781, "fear_precision": 0.29245283018867924, "fear_recall": 0.0036773428232502966, "fear_accuracy": 0.7867639657775541, "fear_f1": 0.007263355201499532, "fear_tp": 31, "fear_tn": 31235, "fear_fp": 75, "fear_fn": 8399, "surprise_precision": 0.0, "surprise_recall": 0.0, "surprise_accuracy": 0.9446904881731253, "surprise_f1": NaN, "surprise_tp": 0, "surprise_tn": 37542, "surprise_fp": 21, "surprise_fn": 2177, "anger_precision": 0.09302325581395349, "anger_recall": 0.0028149190710767065, "anger_accuracy": 0.9633618520382486, "anger_f1": 0.00546448087431694, "anger_tp": 4, "anger_tn": 38280, "anger_fp": 39, "anger_fn": 1417, "disgust_precision": 0.013888888888888888, "disgust_recall": 0.00558659217877095, "disgust_accuracy": 0.9937342727730246, "disgust_f1": 0.00796812749003984, "disgust_tp": 1, "disgust_tn": 39490, "disgust_fp": 71, "disgust_fn": 178}
