{"precision": 0.1383595691797846, "recall": 0.1383595691797846, "f1": 0.1383595691797846, "accuracy": 0.1383595691797846, "name": "tales-emotion_vs_emotion-cause_single", "joy_precision": 0.8198198198198198, "joy_recall": 0.18997912317327767, "joy_accuracy": 0.8309859154929577, "joy_f1": 0.30847457627118646, "joy_tp": 91, "joy_tn": 1915, "joy_fp": 20, "joy_fn": 388, "sadness_precision": 0.9318181818181818, "sadness_recall": 0.07130434782608695, "sadness_accuracy": 0.7775476387738194, "sadness_f1": 0.1324717285945073, "sadness_tp": 41, "sadness_tn": 1836, "sadness_fp": 3, "sadness_fn": 534, "surprise_precision": NaN, "surprise_recall": 0.0, "surprise_accuracy": 0.9117647058823529, "surprise_f1": NaN, "surprise_tp": 0, "surprise_tn": 2201, "surprise_fp": 0, "surprise_fn": 213, "disgust_precision": NaN, "disgust_recall": 0.0, "disgust_accuracy": 0.9606462303231151, "disgust_f1": NaN, "disgust_tp": 0, "disgust_tn": 2319, "disgust_fp": 0, "disgust_fn": 95, "anger_precision": 0.7894736842105263, "anger_recall": 0.031055900621118012, "anger_accuracy": 0.8044739022369511, "anger_f1": 0.059760956175298814, "anger_tp": 15, "anger_tn": 1927, "anger_fp": 4, "anger_fn": 468, "fear_precision": 0.8363636363636363, "fear_recall": 0.10874704491725769, "fear_accuracy": 0.84009942004971, "fear_f1": 0.19246861924686193, "fear_tp": 46, "fear_tn": 1982, "fear_fp": 9, "fear_fn": 377, "noemo_precision": 0.06453089244851258, "noemo_recall": 0.9657534246575342, "noemo_accuracy": 0.1512013256006628, "noemo_f1": 0.12097812097812097, "noemo_tp": 141, "noemo_tn": 224, "noemo_fp": 2044, "noemo_fn": 5}
