{"precision": 0.8272657532118198, "recall": 0.8272657532118198, "f1": 0.8272657532118198, "accuracy": 0.8272657532118198, "name": "tales-emotion_vs_dailydialog_single", "disgust_precision": 0.027522935779816515, "disgust_recall": 0.0084985835694051, "disgust_accuracy": 0.9955719127200692, "disgust_f1": 0.01298701298701299, "disgust_tp": 3, "disgust_tn": 102520, "disgust_fp": 106, "disgust_fn": 350, "noemo_precision": 0.8342581114849575, "noemo_recall": 0.9909666713410928, "noemo_accuracy": 0.8288971537886365, "noemo_f1": 0.9058851178839641, "noemo_tp": 84799, "noemo_tn": 560, "noemo_fp": 16847, "noemo_fn": 773, "joy_precision": 0.569620253164557, "joy_recall": 0.027939464493597205, "joy_accuracy": 0.8757319453480806, "joy_f1": 0.05326625730561515, "joy_tp": 360, "joy_tn": 89822, "joy_fp": 272, "joy_fn": 12525, "anger_precision": 0.011904761904761904, "anger_recall": 0.0019569471624266144, "anger_accuracy": 0.9884830887850921, "anger_f1": 0.003361344537815126, "anger_tp": 2, "anger_tn": 101791, "anger_fp": 166, "anger_fn": 1020, "surprise_precision": 0.08163265306122448, "surprise_recall": 0.004388370817334065, "surprise_accuracy": 0.9815010827450257, "surprise_f1": 0.008328995314940135, "surprise_tp": 8, "surprise_tn": 101066, "surprise_fp": 90, "surprise_fn": 1815, "sadness_precision": 0.20634920634920634, "sadness_recall": 0.011304347826086957, "sadness_accuracy": 0.988473378067373, "sadness_f1": 0.021434460016488046, "sadness_tp": 13, "sadness_tn": 101779, "sadness_fp": 50, "sadness_fn": 1137, "fear_precision": 0.022813688212927757, "fear_recall": 0.034482758620689655, "fear_accuracy": 0.9958729449693627, "fear_f1": 0.027459954233409613, "fear_tp": 6, "fear_tn": 102548, "fear_fp": 257, "fear_fn": 168}
