{"precision": 0.29715627445864856, "recall": 0.29715627445864856, "f1": 0.29715627445864856, "accuracy": 0.29715627445864856, "name": "tales-emotion_vs_isear_single", "joy_precision": 0.9069767441860465, "joy_recall": 0.0356489945155393, "joy_accuracy": 0.8618575528306809, "joy_f1": 0.06860158311345646, "joy_tp": 39, "joy_tn": 6568, "joy_fp": 4, "joy_fn": 1055, "fear_precision": 0.9130434782608695, "fear_recall": 0.019178082191780823, "fear_accuracy": 0.8596399686929298, "fear_f1": 0.03756708407871199, "fear_tp": 21, "fear_tn": 6569, "fear_fp": 2, "fear_fn": 1074, "anger_precision": 0.8275862068965517, "anger_recall": 0.021897810218978103, "anger_accuracy": 0.8595095225671797, "anger_f1": 0.04266666666666667, "anger_tp": 24, "anger_tn": 6565, "anger_fp": 5, "anger_fn": 1072, "sadness_precision": 0.9230769230769231, "sadness_recall": 0.010948905109489052, "sadness_accuracy": 0.8584659535611793, "sadness_f1": 0.02164111812443643, "sadness_tp": 12, "sadness_tn": 6569, "sadness_fp": 1, "sadness_fn": 1084, "disgust_precision": NaN, "disgust_recall": 0.0, "disgust_accuracy": 0.8570310461779285, "disgust_f1": NaN, "disgust_tp": 0, "disgust_tn": 6570, "disgust_fp": 0, "disgust_fn": 1096, "noemo_precision": 0.2887007144747288, "noemo_recall": 0.9968021927820923, "noemo_accuracy": 0.2978085050873989, "noemo_f1": 0.4477275058992511, "noemo_tp": 2182, "noemo_tn": 101, "noemo_fp": 5376, "noemo_fn": 7}
