{"precision": 0.02208921191392333, "recall": 0.02208921191392333, "f1": 0.02208921191392333, "accuracy": 0.02208921191392333, "name": "tales-emotion_vs_tec_single", "surprise_precision": 0.0, "surprise_recall": 0.0, "surprise_accuracy": 0.8170633224074866, "surprise_f1": NaN, "surprise_tp": 0, "surprise_tn": 17200, "surprise_fp": 2, "surprise_fn": 3849, "sadness_precision": 0.6, "sadness_recall": 0.004699738903394256, "sadness_accuracy": 0.8183459218089402, "sadness_f1": 0.009326424870466322, "sadness_tp": 18, "sadness_tn": 17209, "sadness_fp": 12, "sadness_fn": 3812, "joy_precision": 0.7543478260869565, "joy_recall": 0.04212698798106106, "joy_accuracy": 0.6198280366728421, "joy_f1": 0.07979763136713809, "joy_tp": 347, "joy_tn": 12701, "joy_fp": 113, "joy_fn": 7890, "disgust_precision": 0.1, "disgust_recall": 0.002628120893561104, "disgust_accuracy": 0.9630896394470572, "disgust_f1": 0.0051216389244558265, "disgust_tp": 2, "disgust_tn": 20272, "disgust_fp": 18, "disgust_fn": 759, "fear_precision": 0.5869565217391305, "fear_recall": 0.019176136363636364, "fear_accuracy": 0.8669896917011068, "fear_f1": 0.037138927097661624, "fear_tp": 54, "fear_tn": 18197, "fear_fp": 38, "fear_fn": 2762, "anger_precision": 0.7454545454545455, "anger_recall": 0.026366559485530548, "anger_accuracy": 0.9274143746140325, "anger_f1": 0.05093167701863354, "anger_tp": 41, "anger_tn": 19482, "anger_fp": 14, "anger_fn": 1514, "noemo_precision": 0.00014711651628089448, "noemo_recall": 1.0, "noemo_accuracy": 0.03144743717638117, "noemo_f1": 0.00029418975239029176, "noemo_tp": 3, "noemo_tn": 659, "noemo_fp": 20389, "noemo_fn": 0}
