{"precision": 0.06615087040618955, "recall": 0.06615087040618955, "f1": 0.06615087040618955, "accuracy": 0.06615087040618955, "name": "tales-emotion_vs_grounded_emotions_single", "sadness_precision": 0.44, "sadness_recall": 0.01042654028436019, "sadness_accuracy": 0.590715667311412, "sadness_f1": 0.020370370370370372, "sadness_tp": 11, "sadness_tn": 1516, "sadness_fp": 14, "sadness_fn": 1044, "joy_precision": 0.6779661016949152, "joy_recall": 0.10457516339869281, "joy_accuracy": 0.4406189555125725, "joy_f1": 0.18120045300113252, "joy_tp": 160, "joy_tn": 979, "joy_fp": 76, "joy_fn": 1370}
