{"precision": 0.8045977011494253, "recall": 0.00549278091650973, "f1": 0.010911074740861974, "accuracy": 0.04498767460969597, "name": "tales-emotion_vs_ssec_multi", "anger_precision": 0.6363636363636364, "anger_recall": 0.002412129565816678, "anger_accuracy": 0.4044782251437962, "anger_f1": 0.004806041881222107, "anger_tp": 7, "anger_tn": 1962, "anger_fp": 4, "anger_fn": 2895, "joy_precision": 0.8235294117647058, "joy_recall": 0.020319303338171262, "joy_accuracy": 0.5821692686935086, "joy_f1": 0.0396600566572238, "joy_tp": 42, "joy_tn": 2792, "joy_fp": 9, "joy_fn": 2025, "surprise_precision": 0.6666666666666666, "surprise_recall": 0.0018050541516245488, "surprise_accuracy": 0.7725965488907148, "surprise_f1": 0.0036003600360036006, "surprise_tp": 2, "surprise_tn": 3759, "surprise_fp": 1, "surprise_fn": 1106, "disgust_precision": NaN, "disgust_recall": 0.0, "disgust_accuracy": 0.5515612161051766, "disgust_f1": NaN, "disgust_tp": 0, "disgust_tn": 2685, "disgust_fp": 0, "disgust_fn": 2183, "sadness_precision": 1.0, "sadness_recall": 0.00264750378214826, "sadness_accuracy": 0.45829909613804437, "sadness_f1": 0.005281026027913994, "sadness_tp": 7, "sadness_tn": 2224, "sadness_fp": 0, "sadness_fn": 2637, "fear_precision": 0.8, "fear_recall": 0.006521739130434782, "fear_accuracy": 0.6238701725554643, "fear_f1": 0.01293800539083558, "fear_tp": 12, "fear_tn": 3025, "fear_fp": 3, "fear_fn": 1828}
