{"precision": 0.6564376250833889, "recall": 0.6564376250833889, "f1": 0.6564376250833889, "accuracy": 0.6564376250833889, "name": "tales-emotion_vs_tales-emotion_single", "noemo_precision": 0.6517361111111111, "noemo_recall": 0.9905013192612138, "noemo_accuracy": 0.6594396264176118, "noemo_f1": 0.7861780104712042, "noemo_tp": 1877, "noemo_tn": 100, "noemo_fp": 1003, "noemo_fn": 18, "fear_precision": 0.9, "fear_recall": 0.0625, "fear_accuracy": 0.9546364242828552, "fear_f1": 0.11688311688311688, "fear_tp": 9, "fear_tn": 2853, "fear_fp": 1, "fear_fn": 135, "joy_precision": 0.7966101694915254, "joy_recall": 0.1284153005464481, "joy_accuracy": 0.8895930620413609, "joy_f1": 0.22117647058823528, "joy_tp": 47, "joy_tn": 2620, "joy_fp": 12, "joy_fn": 319, "surprise_precision": 0.8333333333333334, "surprise_recall": 0.032679738562091505, "surprise_accuracy": 0.9503002001334223, "surprise_f1": 0.06289308176100629, "surprise_tp": 5, "surprise_tn": 2844, "surprise_fp": 1, "surprise_fn": 148, "anger_precision": 0.7222222222222222, "anger_recall": 0.08125, "anger_accuracy": 0.9492995330220146, "anger_f1": 0.14606741573033707, "anger_tp": 13, "anger_tn": 2833, "anger_fp": 5, "anger_fn": 147, "sadness_precision": 0.68, "sadness_recall": 0.08374384236453201, "sadness_accuracy": 0.9352901934623082, "sadness_f1": 0.14912280701754385, "sadness_tp": 17, "sadness_tn": 2787, "sadness_fp": 8, "sadness_fn": 186, "disgust_precision": NaN, "disgust_recall": 0.0, "disgust_accuracy": 0.9743162108072048, "disgust_f1": NaN, "disgust_tp": 0, "disgust_tn": 2921, "disgust_fp": 0, "disgust_fn": 77}
