{"precision": 0.036609405801182764, "recall": 0.036609405801182764, "f1": 0.036609405801182764, "accuracy": 0.036609405801182764, "name": "tales-emotion_vs_emoint_single", "anger_precision": 0.9390243902439024, "anger_recall": 0.04526748971193416, "anger_accuracy": 0.7706279921148972, "anger_f1": 0.08637128435221537, "anger_tp": 77, "anger_tn": 5396, "anger_fp": 5, "anger_fn": 1624, "fear_precision": 0.8461538461538461, "fear_recall": 0.019538188277087035, "fear_accuracy": 0.6879752182483807, "fear_f1": 0.03819444444444444, "fear_tp": 44, "fear_tn": 4842, "fear_fp": 8, "fear_fn": 2208, "joy_precision": 0.7052631578947368, "joy_recall": 0.08292079207920793, "joy_accuracy": 0.7834412841453112, "joy_f1": 0.14839424141749724, "joy_tp": 134, "joy_tn": 5430, "joy_fp": 56, "joy_fn": 1482, "sadness_precision": 0.5555555555555556, "sadness_recall": 0.0032615786040443573, "sadness_accuracy": 0.784286116586877, "sadness_f1": 0.006485084306095978, "sadness_tp": 5, "sadness_tn": 5565, "sadness_fp": 4, "sadness_fn": 1528}
