{"precision": 0.23779567186713638, "recall": 0.23779567186713638, "f1": 0.23779567186713638, "accuracy": 0.23779567186713638, "name": "tec_vs_crowdflower_single", "joy_precision": 0.6666666666666666, "joy_recall": 0.00015163002274450342, "joy_accuracy": 0.6681177654755913, "joy_f1": 0.0003031910861820662, "joy_tp": 2, "joy_tn": 26549, "joy_fp": 1, "joy_fn": 13188, "noemo_precision": 0.21863553113553114, "noemo_recall": 0.3728284208471599, "noemo_accuracy": 0.7473829894313034, "noemo_f1": 0.27563316256584175, "noemo_tp": 1910, "noemo_tn": 27791, "noemo_fp": 6826, "noemo_fn": 3213, "fear_precision": 0.25955879698162254, "fear_recall": 0.7797180043383948, "fear_accuracy": 0.4328384499245093, "fear_f1": 0.38946826665221984, "fear_tp": 7189, "fear_tn": 10012, "fear_fp": 20508, "fear_fn": 2031, "sadness_precision": 0.2703349282296651, "sadness_recall": 0.013404507710557532, "sadness_accuracy": 0.7830397584297937, "sadness_f1": 0.02554249547920434, "sadness_tp": 113, "sadness_tn": 31005, "sadness_fp": 305, "sadness_fn": 8317, "disgust_precision": 0.07298387096774193, "disgust_recall": 0.08314193844740468, "disgust_accuracy": 0.8919224962254655, "disgust_f1": 0.0777324457805454, "disgust_tp": 181, "disgust_tn": 35264, "disgust_fp": 2299, "disgust_fn": 1996, "anger_precision": 0.2972972972972973, "anger_recall": 0.03870513722730472, "anger_accuracy": 0.9623553095118269, "anger_f1": 0.06849315068493152, "anger_tp": 55, "anger_tn": 38189, "anger_fp": 130, "anger_fn": 1366, "surprise_precision": 0.0, "surprise_recall": 0.0, "surprise_accuracy": 0.9899345747357826, "surprise_f1": NaN, "surprise_tp": 0, "surprise_tn": 39340, "surprise_fp": 221, "surprise_fn": 179}
