{"precision": 0.24026512013256007, "recall": 0.24026512013256007, "f1": 0.24026512013256007, "accuracy": 0.24026512013256007, "name": "tec_vs_emotion-cause_single", "fear_precision": 0.21676646706586827, "fear_recall": 0.755741127348643, "fear_accuracy": 0.4096934548467274, "fear_f1": 0.3369008841321545, "fear_tp": 362, "fear_tn": 627, "fear_fp": 1308, "fear_fn": 117, "noemo_precision": 0.4061302681992337, "noemo_recall": 0.18434782608695652, "noemo_accuracy": 0.7415078707539354, "noemo_f1": 0.2535885167464115, "noemo_tp": 106, "noemo_tn": 1684, "noemo_fp": 155, "noemo_fn": 469, "disgust_precision": 0.10882352941176471, "disgust_recall": 0.17370892018779344, "disgust_accuracy": 0.8015741507870754, "disgust_f1": 0.13381555153707053, "disgust_tp": 37, "disgust_tn": 1898, "disgust_fp": 303, "disgust_fn": 176, "surprise_precision": 0.0, "surprise_recall": 0.0, "surprise_accuracy": 0.9556752278376139, "surprise_f1": NaN, "surprise_tp": 0, "surprise_tn": 2307, "surprise_fp": 12, "surprise_fn": 95, "anger_precision": 0.7763157894736842, "anger_recall": 0.12215320910973085, "anger_accuracy": 0.8173156586578293, "anger_f1": 0.21109123434704832, "anger_tp": 59, "anger_tn": 1914, "anger_fp": 17, "anger_fn": 424, "sadness_precision": 0.2909090909090909, "sadness_recall": 0.037825059101654845, "sadness_accuracy": 0.8152444076222038, "sadness_f1": 0.06694560669456068, "sadness_tp": 16, "sadness_tn": 1952, "sadness_fp": 39, "sadness_fn": 407, "joy_precision": NaN, "joy_recall": 0.0, "joy_accuracy": 0.9395194697597349, "joy_f1": NaN, "joy_tp": 0, "joy_tn": 2268, "joy_fp": 0, "joy_fn": 146}
