{"precision": 0.24002087138012002, "recall": 0.24002087138012002, "f1": 0.24002087138012002, "accuracy": 0.24002087138012002, "name": "tec_vs_isear_single", "fear_precision": 0.17266811279826463, "fear_recall": 0.7276051188299817, "fear_accuracy": 0.4636055309157318, "fear_f1": 0.2791023842917251, "fear_tp": 796, "fear_tn": 2758, "fear_fp": 3814, "fear_fn": 298, "sadness_precision": 0.850909090909091, "sadness_recall": 0.2136986301369863, "sadness_accuracy": 0.8823375945734412, "sadness_f1": 0.34160583941605843, "sadness_tp": 234, "sadness_tn": 6530, "sadness_fp": 41, "sadness_fn": 861, "anger_precision": 0.6847826086956522, "anger_recall": 0.05748175182481752, "anger_accuracy": 0.8614662144534307, "anger_f1": 0.10606060606060606, "anger_tp": 63, "anger_tn": 6541, "anger_fp": 29, "anger_fn": 1033, "noemo_precision": 0.24712254570074474, "noemo_recall": 0.333029197080292, "noemo_accuracy": 0.7595877902426298, "noemo_f1": 0.2837155071900505, "noemo_tp": 365, "noemo_tn": 5458, "noemo_fp": 1112, "noemo_fn": 731, "disgust_precision": 0.125, "disgust_recall": 0.0018248175182481751, "disgust_accuracy": 0.8554656926689277, "disgust_f1": 0.003597122302158273, "disgust_tp": 2, "disgust_tn": 6556, "disgust_fp": 14, "disgust_fn": 1094, "joy_precision": 0.3177257525083612, "joy_recall": 0.17359524897213338, "joy_accuracy": 0.6575789199060788, "joy_f1": 0.224519940915805, "joy_tp": 380, "joy_tn": 4661, "joy_fp": 816, "joy_fn": 1809}
