{"precision": 0.5420604914933838, "recall": 0.5420604914933838, "f1": 0.5420604914933838, "accuracy": 0.5420604914933838, "name": "tec_vs_tec_single", "fear_precision": 0.7360248447204969, "fear_recall": 0.4010152284263959, "fear_accuracy": 0.8962665406427222, "fear_f1": 0.5191675794085433, "fear_tp": 237, "fear_tn": 3556, "fear_fp": 85, "fear_fn": 354, "surprise_precision": 0.6535433070866141, "surprise_recall": 0.3196405648267009, "surprise_accuracy": 0.8435727788279773, "surprise_f1": 0.4293103448275862, "surprise_tp": 249, "surprise_tn": 3321, "surprise_fp": 132, "surprise_fn": 530, "sadness_precision": 0.4532871972318339, "sadness_recall": 0.34610303830911493, "sadness_accuracy": 0.8083648393194707, "sadness_f1": 0.3925093632958802, "sadness_tp": 262, "sadness_tn": 3159, "sadness_fp": 316, "sadness_fn": 495, "anger_precision": 0.6103896103896104, "anger_recall": 0.16725978647686832, "anger_accuracy": 0.9376181474480151, "anger_f1": 0.2625698324022346, "anger_tp": 47, "anger_tn": 3921, "anger_fp": 30, "anger_fn": 234, "joy_precision": 0.5223776223776224, "joy_recall": 0.8940754039497307, "joy_accuracy": 0.6353969754253308, "joy_f1": 0.6594570734937101, "joy_tp": 1494, "joy_tn": 1195, "joy_fp": 1366, "joy_fn": 177, "disgust_precision": 0.35714285714285715, "disgust_recall": 0.032679738562091505, "disgust_accuracy": 0.9629017013232514, "disgust_f1": 0.059880239520958084, "disgust_tp": 5, "disgust_tn": 4070, "disgust_fp": 9, "disgust_fn": 148}
