{"precision": 0.12659941777807868, "recall": 0.12659941777807868, "f1": 0.12659941777807868, "accuracy": 0.12659941777807868, "name": "tec_vs_tales-emotion_single", "disgust_precision": 0.5, "disgust_recall": 0.00010643959552953698, "disgust_accuracy": 0.3639564010561235, "disgust_f1": 0.00021283388315419813, "disgust_tp": 1, "disgust_tn": 5375, "disgust_fp": 1, "disgust_fn": 9394, "surprise_precision": 0.19373219373219372, "surprise_recall": 0.09550561797752809, "surprise_accuracy": 0.9372418928982466, "surprise_f1": 0.1279397930385701, "surprise_tp": 68, "surprise_tn": 13776, "surprise_fp": 283, "surprise_fn": 644, "joy_precision": 0.039473684210526314, "joy_recall": 0.007936507936507936, "joy_accuracy": 0.9696702999119897, "joy_f1": 0.013215859030837005, "joy_tp": 3, "joy_tn": 14320, "joy_fp": 73, "joy_fn": 375, "noemo_precision": 0.10685714285714286, "noemo_recall": 0.20304017372421282, "noemo_accuracy": 0.8444925868255365, "noemo_f1": 0.14002246349681768, "noemo_tp": 187, "noemo_tn": 12287, "noemo_fp": 1563, "noemo_fn": 734, "anger_precision": 0.43548387096774194, "anger_recall": 0.036885245901639344, "anger_accuracy": 0.9499018346760544, "anger_f1": 0.06801007556675062, "anger_tp": 27, "anger_tn": 14004, "anger_fp": 35, "anger_fn": 705, "sadness_precision": 0.13618281062077897, "sadness_recall": 0.8056923918992884, "sadness_accuracy": 0.3438494347031345, "sadness_f1": 0.23298512187401077, "sadness_tp": 1472, "sadness_tn": 3607, "sadness_fp": 9337, "sadness_fn": 355, "fear_precision": 0.06507844276583381, "fear_recall": 0.13895781637717122, "fear_accuracy": 0.8440863854850721, "fear_f1": 0.0886426592797784, "fear_tp": 112, "fear_tn": 12356, "fear_fp": 1609, "fear_fn": 694}
