{"precision": 0.13152804642166344, "recall": 0.13152804642166344, "f1": 0.13152804642166344, "accuracy": 0.13152804642166344, "name": "tec_vs_grounded_emotions_single", "sadness_precision": 0.4444444444444444, "sadness_recall": 0.04170616113744076, "sadness_accuracy": 0.5876208897485493, "sadness_f1": 0.07625649913344888, "sadness_tp": 44, "sadness_tn": 1475, "sadness_fp": 55, "sadness_fn": 1011, "joy_precision": 0.6065573770491803, "joy_recall": 0.1934640522875817, "joy_accuracy": 0.4483558994197292, "joy_f1": 0.29335976214073345, "joy_tp": 296, "joy_tn": 863, "joy_fp": 192, "joy_fn": 1234}
