{"precision": 0.5069767441860465, "recall": 0.1015527950310559, "f1": 0.16921086675291075, "accuracy": 0.0704, "name": "tec_vs_affectivetext_multi", "anger_precision": NaN, "anger_recall": 0.0, "anger_accuracy": 0.7008, "anger_f1": NaN, "anger_tp": 0, "anger_tn": 876, "anger_fp": 0, "anger_fn": 374, "fear_precision": 0.506993006993007, "fear_recall": 0.46849757673667203, "fear_accuracy": 0.5112, "fear_f1": 0.48698572628043657, "fear_tp": 290, "fear_tn": 349, "fear_fp": 282, "fear_fn": 329, "joy_precision": 0.8, "joy_recall": 0.005082592121982211, "joy_accuracy": 0.3728, "joy_f1": 0.010101010101010102, "joy_tp": 4, "joy_tn": 462, "joy_fp": 1, "joy_fn": 783, "disgust_precision": 0.0, "disgust_recall": 0.0, "disgust_accuracy": 0.7952, "disgust_f1": NaN, "disgust_tp": 0, "disgust_tn": 994, "disgust_fp": 3, "disgust_fn": 253, "surprise_precision": 0.5789473684210527, "surprise_recall": 0.016923076923076923, "surprise_accuracy": 0.4824, "surprise_f1": 0.03288490284005979, "surprise_tp": 11, "surprise_tn": 592, "surprise_fp": 8, "surprise_fn": 639, "sadness_precision": 0.4782608695652174, "sadness_recall": 0.040968342644320296, "sadness_accuracy": 0.5688, "sadness_f1": 0.07547169811320756, "sadness_tp": 22, "sadness_tn": 689, "sadness_fp": 24, "sadness_fn": 515}
