{"precision": 0.10104972858543974, "recall": 0.10104972858543974, "f1": 0.10104972858543974, "accuracy": 0.10104972858543974, "name": "tec_vs_dailydialog_single", "surprise_precision": 0.0022598870056497176, "surprise_recall": 0.0056657223796034, "surprise_accuracy": 0.988016974334573, "surprise_f1": 0.003231017770597738, "surprise_tp": 2, "surprise_tn": 101743, "surprise_fp": 883, "surprise_fn": 351, "joy_precision": 1.0, "joy_recall": 2.3372131070911045e-05, "joy_accuracy": 0.16905388477262354, "joy_f1": 4.674316965433426e-05, "joy_tp": 2, "joy_tn": 17407, "joy_fp": 0, "joy_fn": 85570, "fear_precision": 0.1358842523940851, "fear_recall": 0.7609623593325573, "fear_accuracy": 0.3646083182007982, "fear_f1": 0.23059194280473178, "fear_tp": 9805, "fear_tn": 27742, "fear_fp": 62352, "fear_fn": 3080, "anger_precision": 0.015296367112810707, "anger_recall": 0.007827788649706457, "anger_accuracy": 0.9851523126074249, "anger_f1": 0.010355987055016181, "anger_tp": 8, "anger_tn": 101442, "anger_fp": 515, "anger_fn": 1014, "disgust_precision": 0.034798206278026905, "disgust_recall": 0.10641799232035107, "disgust_accuracy": 0.9319278687887822, "disgust_f1": 0.05244660719113274, "disgust_tp": 194, "disgust_tn": 95775, "disgust_fp": 5381, "disgust_fn": 1629, "noemo_precision": 0.017011598817375483, "noemo_recall": 0.32521739130434785, "noemo_accuracy": 0.7826061624214645, "noemo_f1": 0.03233196455586773, "noemo_tp": 374, "noemo_tn": 80218, "noemo_fp": 21611, "noemo_fn": 776, "sadness_precision": 0.011339092872570195, "sadness_recall": 0.1206896551724138, "sadness_accuracy": 0.9807339360452131, "sadness_f1": 0.020730503455083912, "sadness_tp": 21, "sadness_tn": 100974, "sadness_fp": 1831, "sadness_fn": 153}
