{"precision": 0.2682343001971276, "recall": 0.2682343001971276, "f1": 0.2682343001971276, "accuracy": 0.2682343001971276, "name": "tec_vs_emoint_single", "anger_precision": 0.8379888268156425, "anger_recall": 0.08818342151675485, "anger_accuracy": 0.7775274570543509, "anger_f1": 0.1595744680851064, "anger_tp": 150, "anger_tn": 5372, "anger_fp": 29, "anger_fn": 1551, "sadness_precision": 0.7545787545787546, "sadness_recall": 0.09147424511545293, "sadness_accuracy": 0.7024781751619262, "sadness_f1": 0.1631683168316832, "sadness_tp": 206, "sadness_tn": 4783, "sadness_fp": 67, "sadness_fn": 2046, "joy_precision": 0.25906394199077126, "joy_recall": 0.7295792079207921, "joy_accuracy": 0.4636722050126725, "joy_f1": 0.38235771039403277, "joy_tp": 1179, "joy_tn": 2114, "joy_fp": 3372, "joy_fn": 437, "noemo_precision": 0.3203463203463203, "noemo_recall": 0.24135681669928244, "noemo_accuracy": 0.7257110673049845, "noemo_f1": 0.27529761904761907, "noemo_tp": 370, "noemo_tn": 4784, "noemo_fp": 785, "noemo_fn": 1163}
