{"precision": 0.5476020042949177, "recall": 0.06002824858757062, "f1": 0.10819602574075385, "accuracy": 0.09654889071487263, "name": "tec_vs_ssec_multi", "anger_precision": NaN, "anger_recall": 0.0, "anger_accuracy": 0.4038619556285949, "anger_f1": NaN, "anger_tp": 0, "anger_tn": 1966, "anger_fp": 0, "anger_fn": 2902, "fear_precision": 0.4444444444444444, "fear_recall": 0.007220216606498195, "fear_accuracy": 0.7719802793755136, "fear_f1": 0.014209591474245116, "fear_tp": 8, "fear_tn": 3750, "fear_fp": 10, "fear_fn": 1100, "joy_precision": 0.0, "joy_recall": 0.0, "joy_accuracy": 0.551355792933443, "joy_f1": NaN, "joy_tp": 0, "joy_tn": 2684, "joy_fp": 1, "joy_fn": 2183, "disgust_precision": 0.7142857142857143, "disgust_recall": 0.01358695652173913, "disgust_accuracy": 0.6251027115858668, "disgust_f1": 0.026666666666666665, "disgust_tp": 25, "disgust_tn": 3018, "disgust_fp": 10, "disgust_fn": 1815, "surprise_precision": 0.6388888888888888, "surprise_recall": 0.00869894099848714, "surprise_accuracy": 0.4589153656532457, "surprise_f1": 0.017164179104477612, "surprise_tp": 23, "surprise_tn": 2211, "surprise_fp": 13, "surprise_fn": 2621, "sadness_precision": 0.5424636572302984, "sadness_recall": 0.34300919206579583, "sadness_accuracy": 0.5981922760887428, "sadness_f1": 0.4202726733847066, "sadness_tp": 709, "sadness_tn": 2203, "sadness_fp": 598, "sadness_fn": 1358}
