{"precision": 0.27471134891579835, "recall": 0.27471134891579835, "f1": 0.27471134891579835, "accuracy": 0.27471134891579835, "name": "tec_vs_affectivetext_single", "anger_precision": 0.808641975308642, "anger_recall": 0.0770135214579659, "anger_accuracy": 0.7745705435088708, "anger_f1": 0.1406333870101986, "anger_tp": 131, "anger_tn": 5370, "anger_fp": 31, "anger_fn": 1570, "fear_precision": 0.7534246575342466, "fear_recall": 0.09769094138543517, "fear_accuracy": 0.7037454238242749, "fear_f1": 0.1729559748427673, "fear_tp": 220, "fear_tn": 4778, "fear_fp": 72, "fear_fn": 2032, "joy_precision": 0.2690344062153163, "joy_recall": 0.75, "joy_accuracy": 0.4794424105885666, "joy_f1": 0.3960137232478354, "joy_tp": 1212, "joy_tn": 2193, "joy_fp": 3293, "joy_fn": 404, "sadness_precision": 0.32523051131601005, "sadness_recall": 0.2530984996738421, "sadness_accuracy": 0.7254294564911292, "sadness_f1": 0.28466617754952306, "sadness_tp": 388, "sadness_tn": 4764, "sadness_fp": 805, "sadness_fn": 1145}
